id_vendedor,nombre_vendedor,experiencia_anios,sucursal,ventas_realizadas,ingresos_generados,ticket_promedio,comision_total,clientes_atendidos
8.0,Verónica Domínguez,10.0,Sucursal Sur,12,876281.0,73023.41666666667,0,12
37.0,Julián Rodríguez,7.0,Sucursal Sur,11,873153.0,79377.54545454546,0,11
14.0,Mónica Álvarez,4.0,Sucursal Sur,10,837970.0,83797.0,0,10
42.0,Inés Peña,12.0,Sucursal Sur,11,807905.0,73445.90909090909,0,11
57.0,Raúl Pérez,3.0,Sucursal Sur,12,803869.0,66989.08333333333,0,12
30.0,Raúl García,1.0,Sucursal Sur,10,741222.0,74122.2,0,10
73.0,Noelia Domínguez,16.0,Sucursal Sur,9,694527.0,77169.66666666667,0,8
79.0,Benjamín Peña,10.0,Sucursal Centro,9,684199.0,76022.11111111111,0,9
28.0,Inés Niñez,19.0,Sucursal Sur,11,676872.0,61533.818181818184,0,11
21.0,Jesús Domínguez,4.0,Sucursal Sur,8,667344.0,83418.0,0,8
69.0,José España,12.0,Sucursal Sur,6,648304.0,108050.66666666667,0,6
50.0,Noelia García,8.0,Sucursal Sur,9,640489.0,71165.44444444444,0,9
46.0,Gabriela López,20.0,Sucursal Calle 80,8,635358.0,79419.75,0,8
79.0,Benjamín Peña,10.0,Sucursal Sur,9,619154.0,68794.88888888889,0,9
2.0,Álvaro Niñez,13.0,Sucursal Autopista,6,616755.0,102792.5,0,6
66.0,Estefanía García,13.0,Sucursal Sur,7,609844.0,87120.57142857143,0,7
80.0,Estefanía Peña,2.0,Sucursal Sur,8,608963.0,76120.375,0,8
7.0,Mónica Rodríguez,4.0,Sucursal Centro,7,597143.0,85306.14285714286,0,7
45.0,Patricio Niñez,13.0,Sucursal Sur,7,584302.0,83471.71428571429,0,7
67.0,Sofía Niñez,12.0,Sucursal Sur,7,578174.0,82596.28571428571,0,7
41.0,Bárbara Fernández,8.0,Sucursal Sur,9,575378.0,63930.88888888889,0,9
61.0,Bárbara Fernández,4.0,Sucursal Sur,6,563461.0,93910.16666666667,0,6
32.0,Bárbara Rodríguez,1.0,Sucursal Sur,7,561276.0,80182.28571428571,0,7
40.0,Jesús Domínguez,6.0,Sucursal Sur,7,559750.0,79964.28571428571,0,7
26.0,Verónica López,4.0,Sucursal Autopista,6,557976.0,92996.0,0,6
24.0,Álvaro Álvarez,5.0,Sucursal Autopista,8,551666.0,68958.25,0,8
6.0,María Domínguez,9.0,Sucursal Sur,7,551605.0,78800.71428571429,0,7
1.0,Julián López,6.0,Sucursal Centro,8,551199.0,68899.875,0,7
60.0,Inés Castaño,2.0,Sucursal Sur,7,549736.0,78533.71428571429,0,7
4.0,Noelia Rodríguez,9.0,Sucursal Calle 80,6,547871.0,91311.83333333333,0,6
6.0,María Domínguez,9.0,Sucursal Centro,6,528664.0,88110.66666666667,0,6
53.0,Noelia López,12.0,Sucursal Autopista,8,528596.0,66074.5,0,8
19.0,Benjamín Fernández,19.0,Sucursal Sur,8,526974.0,65871.75,0,8
40.0,Jesús Domínguez,6.0,Sucursal Autopista,6,519213.0,86535.5,0,6
64.0,Julián Martínez,3.0,Sucursal Sur,6,517280.0,86213.33333333333,0,6
77.0,Mónica Domínguez,0.0,Sucursal Autopista,6,517215.0,86202.5,0,6
45.0,Patricio Niñez,13.0,Sucursal Occidente,8,511943.0,63992.875,0,8
49.0,Julián Castaño,12.0,Sucursal Autopista,6,499730.0,83288.33333333333,0,6
24.0,Álvaro Álvarez,5.0,Sucursal Sur,6,499214.0,83202.33333333333,0,6
43.0,Mónica Castaño,2.0,Sucursal Sur,7,498853.0,71264.71428571429,0,7
5.0,Gabriela García,5.0,Sucursal Sur,6,497866.0,82977.66666666667,0,6
49.0,Julián Castaño,12.0,Sucursal Sur,7,495992.0,70856.0,0,7
26.0,Verónica López,4.0,Sucursal Sur,8,492140.0,61517.5,0,8
2.0,Álvaro Niñez,13.0,Sucursal Sur,6,491851.0,81975.16666666667,0,6
20.0,Raúl González,7.0,Sucursal Centro,7,487004.0,69572.0,0,7
44.0,Mónica Peña,15.0,Sucursal Occidente,5,486356.0,97271.2,0,5
13.0,Bárbara Martínez,18.0,Sucursal Autopista,6,482629.0,80438.16666666667,0,6
12.0,Verónica Peña,3.0,Sucursal Sur,7,482313.0,68901.85714285714,0,7
45.0,Patricio Niñez,13.0,Sucursal Calle 80,7,480209.0,68601.28571428571,0,7
16.0,Noelia Niñez,16.0,Sucursal Sur,5,479867.0,95973.4,0,5
75.0,Raúl Martínez,8.0,Sucursal Sur,6,474204.0,79034.0,0,6
56.0,Benjamín Pérez,0.0,Sucursal Sur,5,468999.0,93799.8,0,5
71.0,José Muñoz,14.0,Sucursal Sur,8,465182.0,58147.75,0,8
20.0,Raúl González,7.0,Sucursal Sur,6,461234.0,76872.33333333333,0,6
9.0,Julián García,9.0,Sucursal Carrera 7,5,457897.0,91579.4,0,5
66.0,Estefanía García,13.0,Sucursal Calle 80,6,457249.0,76208.16666666667,0,6
36.0,Julián González,18.0,Sucursal Sur,9,450566.0,50062.88888888889,0,9
21.0,Jesús Domínguez,4.0,Sucursal Occidente,5,444416.0,88883.2,0,5
24.0,Álvaro Álvarez,5.0,Sucursal Calle 80,5,441571.0,88314.2,0,5
41.0,Bárbara Fernández,8.0,Sucursal Centro,5,439553.0,87910.6,0,5
75.0,Raúl Martínez,8.0,Sucursal Autopista,5,438428.0,87685.6,0,5
13.0,Bárbara Martínez,18.0,Sucursal Calle 80,5,436079.0,87215.8,0,5
34.0,Sofía Muñoz,14.0,Sucursal Calle 80,6,435710.0,72618.33333333333,0,6
1.0,Julián López,6.0,Sucursal Calle 80,5,435558.0,87111.6,0,5
67.0,Sofía Niñez,12.0,Sucursal Calle 80,5,434749.0,86949.8,0,5
39.0,Sofía Pérez,13.0,Sucursal Centro,7,433237.0,61891.0,0,7
77.0,Mónica Domínguez,0.0,Sucursal Oriente,6,432436.0,72072.66666666667,0,6
47.0,Jesús Domínguez,8.0,Sucursal Calle 80,5,431269.0,86253.8,0,5
79.0,Benjamín Peña,10.0,Sucursal Occidente,6,428352.0,71392.0,0,6
78.0,María García,8.0,Sucursal Centro,6,426786.0,71131.0,0,6
17.0,Jesús Sánchez,3.0,Sucursal Sur,6,426636.0,71106.0,0,6
3.0,Estefanía Peña,19.0,Sucursal Centro,5,425796.0,85159.2,0,5
35.0,Bárbara Rodríguez,19.0,Sucursal Sur,6,425274.0,70879.0,0,6
74.0,Verónica González,9.0,Sucursal Autopista,5,423977.0,84795.4,0,5
52.0,Julián Álvarez,7.0,Sucursal Sur,7,414745.0,59249.28571428572,0,7
37.0,Julián Rodríguez,7.0,Sucursal Calle 80,6,414114.0,69019.0,0,6
65.0,Álvaro Domínguez,2.0,Sucursal Sur,6,413249.0,68874.83333333333,0,6
18.0,María Rodríguez,19.0,Sucursal Sur,6,410252.0,68375.33333333333,0,6
5.0,Gabriela García,5.0,Sucursal Centro,5,409329.0,81865.8,0,5
50.0,Noelia García,8.0,Sucursal Centro,5,407475.0,81495.0,0,5
62.0,Andrés Castaño,10.0,Sucursal Centro,5,403955.0,80791.0,0,5
67.0,Sofía Niñez,12.0,Sucursal Centro,6,403262.0,67210.33333333333,0,6
13.0,Bárbara Martínez,18.0,Sucursal Occidente,5,403226.0,80645.2,0,5
46.0,Gabriela López,20.0,Sucursal Sur,5,398515.0,79703.0,0,5
57.0,Raúl Pérez,3.0,Sucursal Autopista,4,395274.0,98818.5,0,4
54.0,Noelia Peña,18.0,Sucursal Centro,4,393585.0,98396.25,0,4
77.0,Mónica Domínguez,0.0,Sucursal Sur,6,389605.0,64934.166666666664,0,6
31.0,Patricio España,4.0,Sucursal Sur,4,389163.0,97290.75,0,4
22.0,Julián Castaño,11.0,Sucursal Sur,5,388606.0,77721.2,0,5
14.0,Mónica Álvarez,4.0,Sucursal Centro,5,387574.0,77514.8,0,5
22.0,Julián Castaño,11.0,Sucursal Autopista,5,386463.0,77292.6,0,5
70.0,Andrés Muñoz,9.0,Sucursal Sur,4,384784.0,96196.0,0,4
72.0,Estefanía Peña,4.0,Sucursal Calle 80,4,383692.0,95923.0,0,4
41.0,Bárbara Fernández,8.0,Sucursal Autopista,6,380439.0,63406.5,0,6
27.0,Gabriela Peña,18.0,Sucursal Sur,5,379827.0,75965.4,0,5
70.0,Andrés Muñoz,9.0,Sucursal Autopista,4,377387.0,94346.75,0,4
54.0,Noelia Peña,18.0,Sucursal El Poblado,5,377337.0,75467.4,0,5
22.0,Julián Castaño,11.0,Sucursal Norte,5,374400.0,74880.0,0,5
53.0,Noelia López,12.0,Sucursal Sur,6,374174.0,62362.333333333336,0,6
42.0,Inés Peña,12.0,Sucursal Occidente,4,372449.0,93112.25,0,4
1.0,Julián López,6.0,Sucursal Autopista,5,372132.0,74426.4,0,5
58.0,Estefanía Rodríguez,16.0,Sucursal Sur,6,368403.0,61400.5,0,6
9.0,Julián García,9.0,Sucursal Calle 80,4,367425.0,91856.25,0,4
73.0,Noelia Domínguez,16.0,Sucursal Autopista,6,366936.0,61156.0,0,6
68.0,Mónica Domínguez,0.0,Sucursal Occidente,5,366735.0,73347.0,0,5
51.0,Patricio Muñoz,7.0,Sucursal Sur,5,365388.0,73077.6,0,5
11.0,María González,5.0,Sucursal Occidente,5,364474.0,72894.8,0,5
76.0,Noelia Castaño,14.0,Sucursal Autopista,5,363598.0,72719.6,0,5
23.0,Julián López,15.0,Sucursal Oriente,4,363403.0,90850.75,0,4
26.0,Verónica López,4.0,Sucursal Centro,5,362265.0,72453.0,0,5
25.0,Ángela Rodríguez,13.0,Sucursal Sur,4,361802.0,90450.5,0,4
64.0,Julián Martínez,3.0,Sucursal Calle 80,4,361570.0,90392.5,0,4
59.0,Patricio Sánchez,17.0,Sucursal Sur,5,360445.0,72089.0,0,5
15.0,Julián Rodríguez,4.0,Sucursal Sur,5,358034.0,71606.8,0,5
49.0,Julián Castaño,12.0,Sucursal Centro,5,357627.0,71525.4,0,5
67.0,Sofía Niñez,12.0,Sucursal Norte,4,350610.0,87652.5,0,4
72.0,Estefanía Peña,4.0,Sucursal Occidente,4,349572.0,87393.0,0,4
35.0,Bárbara Rodríguez,19.0,Sucursal Occidente,4,348856.0,87214.0,0,4
38.0,Julián González,2.0,Sucursal Calle 80,4,346674.0,86668.5,0,4
1.0,Julián López,6.0,Sucursal Occidente,4,346322.0,86580.5,0,4
21.0,Jesús Domínguez,4.0,Sucursal Centro,5,346300.0,69260.0,0,5
63.0,Verónica Rodríguez,5.0,Sucursal El Poblado,5,345918.0,69183.6,0,5
57.0,Raúl Pérez,3.0,Sucursal Carrera 7,4,343653.0,85913.25,0,4
15.0,Julián Rodríguez,4.0,Sucursal Centro,4,342451.0,85612.75,0,4
7.0,Mónica Rodríguez,4.0,Sucursal Norte,5,340776.0,68155.2,0,5
50.0,Noelia García,8.0,Sucursal Calle 80,5,340704.0,68140.8,0,5
4.0,Noelia Rodríguez,9.0,Sucursal Occidente,5,336503.0,67300.6,0,5
76.0,Noelia Castaño,14.0,Sucursal Occidente,4,332520.0,83130.0,0,4
11.0,María González,5.0,Sucursal Calle 80,5,331671.0,66334.2,0,5
60.0,Inés Castaño,2.0,Sucursal Autopista,4,330572.0,82643.0,0,4
28.0,Inés Niñez,19.0,Sucursal Centro,5,329554.0,65910.8,0,5
48.0,Verónica España,20.0,Sucursal Sur,6,328550.0,54758.333333333336,0,6
47.0,Jesús Domínguez,8.0,Sucursal Sur,4,328069.0,82017.25,0,4
71.0,José Muñoz,14.0,Sucursal Centro,4,327288.0,81822.0,0,4
18.0,María Rodríguez,19.0,Sucursal Calle 80,4,326749.0,81687.25,0,4
19.0,Benjamín Fernández,19.0,Sucursal Oriente,4,326444.0,81611.0,0,4
11.0,María González,5.0,Sucursal Centro,4,325980.0,81495.0,0,4
70.0,Andrés Muñoz,9.0,Sucursal Centro,4,324256.0,81064.0,0,4
20.0,Raúl González,7.0,Sucursal Calle 80,5,322911.0,64582.2,0,5
22.0,Julián Castaño,11.0,Sucursal Centro,4,321255.0,80313.75,0,4
55.0,Ángela López,5.0,Sucursal Occidente,4,319942.0,79985.5,0,4
62.0,Andrés Castaño,10.0,Sucursal Sur,3,319227.0,106409.0,0,3
74.0,Verónica González,9.0,Sucursal Occidente,4,317955.0,79488.75,0,4
29.0,María Muñoz,16.0,Sucursal Centro,4,316142.0,79035.5,0,4
33.0,Andrés García,0.0,Sucursal Oriente,4,315607.0,78901.75,0,4
34.0,Sofía Muñoz,14.0,Sucursal Autopista,4,314336.0,78584.0,0,4
37.0,Julián Rodríguez,7.0,Sucursal Norte,4,313135.0,78283.75,0,4
33.0,Andrés García,0.0,Sucursal Centro,4,312613.0,78153.25,0,4
29.0,María Muñoz,16.0,Sucursal Sur,5,308533.0,61706.6,0,5
55.0,Ángela López,5.0,Sucursal Oriente,3,307250.0,102416.66666666667,0,3
8.0,Verónica Domínguez,10.0,Sucursal Autopista,4,305668.0,76417.0,0,4
78.0,María García,8.0,Sucursal Autopista,5,305005.0,61001.0,0,5
3.0,Estefanía Peña,19.0,Sucursal Autopista,5,304556.0,60911.2,0,5
78.0,María García,8.0,Sucursal Sur,3,304157.0,101385.66666666667,0,3
57.0,Raúl Pérez,3.0,Sucursal Occidente,4,303931.0,75982.75,0,4
24.0,Álvaro Álvarez,5.0,Sucursal Centro,4,300719.0,75179.75,0,4
55.0,Ángela López,5.0,Sucursal Sur,4,297975.0,74493.75,0,4
74.0,Verónica González,9.0,Sucursal Sur,4,296926.0,74231.5,0,4
55.0,Ángela López,5.0,Sucursal Autopista,4,296528.0,74132.0,0,4
17.0,Jesús Sánchez,3.0,Sucursal Autopista,3,296342.0,98780.66666666667,0,3
47.0,Jesús Domínguez,8.0,Sucursal Centro,4,296053.0,74013.25,0,4
2.0,Álvaro Niñez,13.0,Sucursal Calle 80,5,295039.0,59007.8,0,5
35.0,Bárbara Rodríguez,19.0,Sucursal Autopista,5,293857.0,58771.4,0,5
31.0,Patricio España,4.0,Sucursal Calle 80,5,293273.0,58654.6,0,5
60.0,Inés Castaño,2.0,Sucursal Occidente,4,293177.0,73294.25,0,4
28.0,Inés Niñez,19.0,Sucursal Calle 80,4,291863.0,72965.75,0,4
80.0,Estefanía Peña,2.0,Sucursal Occidente,5,291732.0,58346.4,0,5
34.0,Sofía Muñoz,14.0,Sucursal Norte,4,290562.0,72640.5,0,4
59.0,Patricio Sánchez,17.0,Sucursal El Poblado,4,288993.0,72248.25,0,4
3.0,Estefanía Peña,19.0,Sucursal Occidente,4,288790.0,72197.5,0,3
5.0,Gabriela García,5.0,Sucursal Calle 80,4,288341.0,72085.25,0,4
33.0,Andrés García,0.0,Sucursal Autopista,5,287999.0,57599.8,0,5
71.0,José Muñoz,14.0,Sucursal Autopista,4,287761.0,71940.25,0,4
38.0,Julián González,2.0,Sucursal Sur,4,287749.0,71937.25,0,4
24.0,Álvaro Álvarez,5.0,Sucursal Carrera 7,3,285526.0,95175.33333333333,0,3
4.0,Noelia Rodríguez,9.0,Sucursal Sur,4,285325.0,71331.25,0,4
70.0,Andrés Muñoz,9.0,Sucursal Occidente,4,284852.0,71213.0,0,4
48.0,Verónica España,20.0,Sucursal Autopista,5,284552.0,56910.4,0,5
9.0,Julián García,9.0,Sucursal Sur,5,284407.0,56881.4,0,5
35.0,Bárbara Rodríguez,19.0,Sucursal Calle 80,3,284050.0,94683.33333333333,0,3
29.0,María Muñoz,16.0,Sucursal Calle 80,4,283332.0,70833.0,0,4
31.0,Patricio España,4.0,Sucursal Norte,4,282331.0,70582.75,0,4
52.0,Julián Álvarez,7.0,Sucursal Norte,3,280753.0,93584.33333333333,0,3
51.0,Patricio Muñoz,7.0,Sucursal Calle 80,4,277973.0,69493.25,0,4
11.0,María González,5.0,Sucursal Sur,4,277313.0,69328.25,0,4
16.0,Noelia Niñez,16.0,Sucursal Centro,3,276539.0,92179.66666666667,0,3
57.0,Raúl Pérez,3.0,Sucursal Centro,4,275292.0,68823.0,0,4
59.0,Patricio Sánchez,17.0,Sucursal Autopista,3,274430.0,91476.66666666667,0,3
32.0,Bárbara Rodríguez,1.0,Sucursal Centro,3,274229.0,91409.66666666667,0,3
62.0,Andrés Castaño,10.0,Sucursal Autopista,4,273107.0,68276.75,0,4
7.0,Mónica Rodríguez,4.0,Sucursal Sur,5,272523.0,54504.6,0,5
3.0,Estefanía Peña,19.0,Sucursal Norte,3,272350.0,90783.33333333333,0,3
25.0,Ángela Rodríguez,13.0,Sucursal Calle 80,3,271617.0,90539.0,0,3
9.0,Julián García,9.0,Sucursal El Poblado,4,269871.0,67467.75,0,4
54.0,Noelia Peña,18.0,Sucursal Sur,4,267114.0,66778.5,0,4
73.0,Noelia Domínguez,16.0,Sucursal Centro,5,267019.0,53403.8,0,5
1.0,Julián López,6.0,Sucursal Oriente,4,266639.0,66659.75,0,4
9.0,Julián García,9.0,Sucursal Oriente,3,265909.0,88636.33333333333,0,3
45.0,Patricio Niñez,13.0,Sucursal Norte,3,265111.0,88370.33333333333,0,3
43.0,Mónica Castaño,2.0,Sucursal Oriente,4,264093.0,66023.25,0,4
47.0,Jesús Domínguez,8.0,Sucursal Autopista,5,264068.0,52813.6,0,5
19.0,Benjamín Fernández,19.0,Sucursal Centro,3,263381.0,87793.66666666667,0,3
80.0,Estefanía Peña,2.0,Sucursal Autopista,4,263050.0,65762.5,0,4
79.0,Benjamín Peña,10.0,Sucursal Calle 80,4,262810.0,65702.5,0,4
9.0,Julián García,9.0,Sucursal Occidente,4,262681.0,65670.25,0,4
60.0,Inés Castaño,2.0,Sucursal Centro,4,262585.0,65646.25,0,4
38.0,Julián González,2.0,Sucursal Centro,3,262401.0,87467.0,0,3
79.0,Benjamín Peña,10.0,Sucursal Carrera 7,3,261916.0,87305.33333333333,0,3
5.0,Gabriela García,5.0,Sucursal Occidente,3,261768.0,87256.0,0,3
23.0,Julián López,15.0,Sucursal Centro,3,260532.0,86844.0,0,3
70.0,Andrés Muñoz,9.0,Sucursal El Poblado,3,260042.0,86680.66666666667,0,3
5.0,Gabriela García,5.0,Sucursal Autopista,3,259882.0,86627.33333333333,0,3
52.0,Julián Álvarez,7.0,Sucursal Oriente,3,259298.0,86432.66666666667,0,3
13.0,Bárbara Martínez,18.0,Sucursal Carrera 7,4,259176.0,64794.0,0,4
50.0,Noelia García,8.0,Sucursal Autopista,4,259151.0,64787.75,0,4
58.0,Estefanía Rodríguez,16.0,Sucursal Carrera 7,3,259144.0,86381.33333333333,0,3
33.0,Andrés García,0.0,Sucursal Calle 80,4,258612.0,64653.0,0,4
13.0,Bárbara Martínez,18.0,Sucursal Centro,4,258125.0,64531.25,0,4
10.0,Inés Rodríguez,9.0,Sucursal Calle 80,4,257993.0,64498.25,0,4
8.0,Verónica Domínguez,10.0,Sucursal Carrera 7,4,257035.0,64258.75,0,4
42.0,Inés Peña,12.0,Sucursal Centro,4,257021.0,64255.25,0,4
58.0,Estefanía Rodríguez,16.0,Sucursal Centro,4,255911.0,63977.75,0,4
3.0,Estefanía Peña,19.0,Sucursal Calle 80,4,255581.0,63895.25,0,4
3.0,Estefanía Peña,19.0,Sucursal Carrera 7,4,254031.0,63507.75,0,4
56.0,Benjamín Pérez,0.0,Sucursal Occidente,3,253727.0,84575.66666666667,0,3
6.0,María Domínguez,9.0,Sucursal Oriente,5,253499.0,50699.8,0,5
18.0,María Rodríguez,19.0,Sucursal Occidente,3,253223.0,84407.66666666667,0,3
34.0,Sofía Muñoz,14.0,Sucursal Sur,4,253070.0,63267.5,0,4
21.0,Jesús Domínguez,4.0,Sucursal Autopista,4,252825.0,63206.25,0,4
1.0,Julián López,6.0,Sucursal Carrera 7,4,251881.0,62970.25,0,4
28.0,Inés Niñez,19.0,Sucursal Occidente,3,251595.0,83865.0,0,3
69.0,José España,12.0,Sucursal Autopista,3,251087.0,83695.66666666667,0,3
48.0,Verónica España,20.0,Sucursal Oriente,3,250332.0,83444.0,0,3
36.0,Julián González,18.0,Sucursal Occidente,3,249279.0,83093.0,0,3
23.0,Julián López,15.0,Sucursal Sur,3,249121.0,83040.33333333333,0,3
44.0,Mónica Peña,15.0,Sucursal Carrera 7,3,248054.0,82684.66666666667,0,3
5.0,Gabriela García,5.0,Sucursal El Poblado,3,247836.0,82612.0,0,3
15.0,Julián Rodríguez,4.0,Sucursal El Poblado,3,247469.0,82489.66666666667,0,3
45.0,Patricio Niñez,13.0,Sucursal Autopista,4,247448.0,61862.0,0,4
51.0,Patricio Muñoz,7.0,Sucursal El Poblado,4,247390.0,61847.5,0,4
24.0,Álvaro Álvarez,5.0,Sucursal El Poblado,4,245448.0,61362.0,0,4
64.0,Julián Martínez,3.0,Sucursal Norte,4,245122.0,61280.5,0,4
1.0,Julián López,6.0,Sucursal Sur,4,244313.0,61078.25,0,4
60.0,Inés Castaño,2.0,Sucursal Oriente,3,243579.0,81193.0,0,3
72.0,Estefanía Peña,4.0,Sucursal Sur,5,242140.0,48428.0,0,5
5.0,Gabriela García,5.0,Sucursal Oriente,3,241364.0,80454.66666666667,0,3
30.0,Raúl García,1.0,Sucursal Centro,3,238590.0,79530.0,0,3
36.0,Julián González,18.0,Sucursal Centro,4,238566.0,59641.5,0,4
55.0,Ángela López,5.0,Sucursal Calle 80,4,238181.0,59545.25,0,4
68.0,Mónica Domínguez,0.0,Sucursal Autopista,3,237869.0,79289.66666666667,0,3
59.0,Patricio Sánchez,17.0,Sucursal Centro,3,237303.0,79101.0,0,3
37.0,Julián Rodríguez,7.0,Sucursal Centro,4,237225.0,59306.25,0,4
36.0,Julián González,18.0,Sucursal Calle 80,5,237099.0,47419.8,0,5
16.0,Noelia Niñez,16.0,Sucursal El Poblado,2,236276.0,118138.0,0,2
66.0,Estefanía García,13.0,Sucursal Occidente,4,235255.0,58813.75,0,4
48.0,Verónica España,20.0,Sucursal Occidente,3,234747.0,78249.0,0,3
66.0,Estefanía García,13.0,Sucursal Autopista,4,234452.0,58613.0,0,4
24.0,Álvaro Álvarez,5.0,Sucursal Occidente,3,234448.0,78149.33333333333,0,3
7.0,Mónica Rodríguez,4.0,Sucursal Occidente,3,234401.0,78133.66666666667,0,3
48.0,Verónica España,20.0,Sucursal Calle 80,3,233570.0,77856.66666666667,0,3
18.0,María Rodríguez,19.0,Sucursal El Poblado,4,233512.0,58378.0,0,4
41.0,Bárbara Fernández,8.0,Sucursal Norte,3,233372.0,77790.66666666667,0,3
32.0,Bárbara Rodríguez,1.0,Sucursal Autopista,3,233062.0,77687.33333333333,0,3
71.0,José Muñoz,14.0,Sucursal Occidente,4,232139.0,58034.75,0,4
23.0,Julián López,15.0,Sucursal Carrera 7,3,231326.0,77108.66666666667,0,3
14.0,Mónica Álvarez,4.0,Sucursal El Poblado,2,230312.0,115156.0,0,2
43.0,Mónica Castaño,2.0,Sucursal Occidente,3,228561.0,76187.0,0,3
17.0,Jesús Sánchez,3.0,Sucursal Centro,3,228125.0,76041.66666666667,0,3
6.0,María Domínguez,9.0,Sucursal Calle 80,3,227621.0,75873.66666666667,0,3
29.0,María Muñoz,16.0,Sucursal Norte,3,227226.0,75742.0,0,3
27.0,Gabriela Peña,18.0,Sucursal Norte,3,225450.0,75150.0,0,3
39.0,Sofía Pérez,13.0,Sucursal Calle 80,3,224817.0,74939.0,0,3
19.0,Benjamín Fernández,19.0,Sucursal Norte,2,224298.0,112149.0,0,2
16.0,Noelia Niñez,16.0,Sucursal Autopista,5,222682.0,44536.4,0,5
79.0,Benjamín Peña,10.0,Sucursal El Poblado,2,222553.0,111276.5,0,2
79.0,Benjamín Peña,10.0,Sucursal Oriente,2,221922.0,110961.0,0,2
5.0,Gabriela García,5.0,Sucursal Norte,3,221165.0,73721.66666666667,0,3
78.0,María García,8.0,Sucursal Calle 80,3,220991.0,73663.66666666667,0,3
67.0,Sofía Niñez,12.0,Sucursal Autopista,3,220157.0,73385.66666666667,0,3
16.0,Noelia Niñez,16.0,Sucursal Calle 80,2,220022.0,110011.0,0,2
58.0,Estefanía Rodríguez,16.0,Sucursal Autopista,2,219822.0,109911.0,0,2
52.0,Julián Álvarez,7.0,Sucursal Carrera 7,3,219530.0,73176.66666666667,0,3
28.0,Inés Niñez,19.0,Sucursal Oriente,2,218733.0,109366.5,0,2
61.0,Bárbara Fernández,4.0,Sucursal Calle 80,2,217637.0,108818.5,0,2
72.0,Estefanía Peña,4.0,Sucursal Autopista,3,217387.0,72462.33333333333,0,3
76.0,Noelia Castaño,14.0,Sucursal Centro,3,216937.0,72312.33333333333,0,3
7.0,Mónica Rodríguez,4.0,Sucursal Calle 80,3,216490.0,72163.33333333333,0,3
46.0,Gabriela López,20.0,Sucursal Carrera 7,3,215683.0,71894.33333333333,0,3
8.0,Verónica Domínguez,10.0,Sucursal Centro,3,215556.0,71852.0,0,3
43.0,Mónica Castaño,2.0,Sucursal Autopista,3,215138.0,71712.66666666667,0,3
27.0,Gabriela Peña,18.0,Sucursal Calle 80,3,214440.0,71480.0,0,3
26.0,Verónica López,4.0,Sucursal Calle 80,3,213874.0,71291.33333333333,0,3
17.0,Jesús Sánchez,3.0,Sucursal Norte,4,213458.0,53364.5,0,4
49.0,Julián Castaño,12.0,Sucursal Carrera 7,4,213157.0,53289.25,0,4
29.0,María Muñoz,16.0,Sucursal Occidente,3,212249.0,70749.66666666667,0,3
37.0,Julián Rodríguez,7.0,Sucursal Autopista,3,210648.0,70216.0,0,3
25.0,Ángela Rodríguez,13.0,Sucursal Oriente,3,209809.0,69936.33333333333,0,3
53.0,Noelia López,12.0,Sucursal Calle 80,4,209600.0,52400.0,0,4
25.0,Ángela Rodríguez,13.0,Sucursal Centro,2,208529.0,104264.5,0,2
36.0,Julián González,18.0,Sucursal El Poblado,3,208493.0,69497.66666666667,0,3
71.0,José Muñoz,14.0,Sucursal Carrera 7,2,207849.0,103924.5,0,2
44.0,Mónica Peña,15.0,Sucursal Calle 80,3,207140.0,69046.66666666667,0,3
65.0,Álvaro Domínguez,2.0,Sucursal Occidente,2,207125.0,103562.5,0,2
46.0,Gabriela López,20.0,Sucursal Oriente,2,203878.0,101939.0,0,2
64.0,Julián Martínez,3.0,Sucursal Oriente,4,203560.0,50890.0,0,4
61.0,Bárbara Fernández,4.0,Sucursal Carrera 7,3,203129.0,67709.66666666667,0,3
40.0,Jesús Domínguez,6.0,Sucursal Centro,2,202029.0,101014.5,0,2
27.0,Gabriela Peña,18.0,Sucursal Centro,3,201822.0,67274.0,0,3
71.0,José Muñoz,14.0,Sucursal Calle 80,3,201155.0,67051.66666666667,0,3
40.0,Jesús Domínguez,6.0,Sucursal Occidente,2,200977.0,100488.5,0,2
70.0,Andrés Muñoz,9.0,Sucursal Norte,3,200731.0,66910.33333333333,0,3
13.0,Bárbara Martínez,18.0,Sucursal El Poblado,3,200441.0,66813.66666666667,0,3
25.0,Ángela Rodríguez,13.0,Sucursal Occidente,2,200293.0,100146.5,0,2
61.0,Bárbara Fernández,4.0,Sucursal Autopista,4,199396.0,49849.0,0,4
35.0,Bárbara Rodríguez,19.0,Sucursal Centro,4,198257.0,49564.25,0,4
80.0,Estefanía Peña,2.0,Sucursal Norte,3,197126.0,65708.66666666667,0,2
68.0,Mónica Domínguez,0.0,Sucursal Oriente,3,194875.0,64958.333333333336,0,3
73.0,Noelia Domínguez,16.0,Sucursal Occidente,3,194808.0,64936.0,0,3
29.0,María Muñoz,16.0,Sucursal Oriente,2,194666.0,97333.0,0,2
72.0,Estefanía Peña,4.0,Sucursal Centro,3,192109.0,64036.333333333336,0,3
4.0,Noelia Rodríguez,9.0,Sucursal El Poblado,3,192022.0,64007.333333333336,0,3
39.0,Sofía Pérez,13.0,Sucursal Autopista,3,191375.0,63791.666666666664,0,3
26.0,Verónica López,4.0,Sucursal Norte,2,191125.0,95562.5,0,2
12.0,Verónica Peña,3.0,Sucursal Occidente,3,190854.0,63618.0,0,3
54.0,Noelia Peña,18.0,Sucursal Norte,2,190691.0,95345.5,0,2
54.0,Noelia Peña,18.0,Sucursal Autopista,2,190677.0,95338.5,0,2
38.0,Julián González,2.0,Sucursal Carrera 7,3,190595.0,63531.666666666664,0,3
48.0,Verónica España,20.0,Sucursal El Poblado,2,190488.0,95244.0,0,2
16.0,Noelia Niñez,16.0,Sucursal Norte,4,190182.0,47545.5,0,4
68.0,Mónica Domínguez,0.0,Sucursal Calle 80,4,190174.0,47543.5,0,4
52.0,Julián Álvarez,7.0,Sucursal Autopista,2,189167.0,94583.5,0,2
68.0,Mónica Domínguez,0.0,Sucursal Carrera 7,3,188877.0,62959.0,0,3
3.0,Estefanía Peña,19.0,Sucursal Oriente,4,188782.0,47195.5,0,4
39.0,Sofía Pérez,13.0,Sucursal Norte,2,188592.0,94296.0,0,2
43.0,Mónica Castaño,2.0,Sucursal Norte,2,188512.0,94256.0,0,2
43.0,Mónica Castaño,2.0,Sucursal Calle 80,3,188429.0,62809.666666666664,0,3
29.0,María Muñoz,16.0,Sucursal El Poblado,3,188383.0,62794.333333333336,0,3
39.0,Sofía Pérez,13.0,Sucursal El Poblado,2,187327.0,93663.5,0,2
34.0,Sofía Muñoz,14.0,Sucursal Oriente,3,186946.0,62315.333333333336,0,3
39.0,Sofía Pérez,13.0,Sucursal Sur,3,186873.0,62291.0,0,3
63.0,Verónica Rodríguez,5.0,Sucursal Sur,3,186632.0,62210.666666666664,0,3
64.0,Julián Martínez,3.0,Sucursal Carrera 7,2,186485.0,93242.5,0,2
50.0,Noelia García,8.0,Sucursal Occidente,3,185383.0,61794.333333333336,0,3
73.0,Noelia Domínguez,16.0,Sucursal Calle 80,2,184694.0,92347.0,0,2
2.0,Álvaro Niñez,13.0,Sucursal Carrera 7,2,184461.0,92230.5,0,2
6.0,María Domínguez,9.0,Sucursal Occidente,3,184437.0,61479.0,0,3
70.0,Andrés Muñoz,9.0,Sucursal Oriente,3,183227.0,61075.666666666664,0,3
34.0,Sofía Muñoz,14.0,Sucursal Occidente,2,182956.0,91478.0,0,2
51.0,Patricio Muñoz,7.0,Sucursal Oriente,3,182032.0,60677.333333333336,0,3
49.0,Julián Castaño,12.0,Sucursal Calle 80,2,181644.0,90822.0,0,2
66.0,Estefanía García,13.0,Sucursal El Poblado,2,180534.0,90267.0,0,2
10.0,Inés Rodríguez,9.0,Sucursal Autopista,3,180259.0,60086.333333333336,0,3
64.0,Julián Martínez,3.0,Sucursal Autopista,3,179113.0,59704.333333333336,0,3
48.0,Verónica España,20.0,Sucursal Carrera 7,2,178829.0,89414.5,0,2
69.0,José España,12.0,Sucursal Calle 80,2,178561.0,89280.5,0,2
57.0,Raúl Pérez,3.0,Sucursal El Poblado,2,177789.0,88894.5,0,2
23.0,Julián López,15.0,Sucursal Occidente,2,176916.0,88458.0,0,2
41.0,Bárbara Fernández,8.0,Sucursal Occidente,2,175461.0,87730.5,0,2
15.0,Julián Rodríguez,4.0,Sucursal Occidente,3,175399.0,58466.333333333336,0,3
32.0,Bárbara Rodríguez,1.0,Sucursal El Poblado,2,174733.0,87366.5,0,2
31.0,Patricio España,4.0,Sucursal Autopista,2,173699.0,86849.5,0,2
2.0,Álvaro Niñez,13.0,Sucursal Norte,2,173382.0,86691.0,0,2
75.0,Raúl Martínez,8.0,Sucursal Calle 80,3,173283.0,57761.0,0,3
26.0,Verónica López,4.0,Sucursal Oriente,3,172517.0,57505.666666666664,0,3
20.0,Raúl González,7.0,Sucursal Autopista,4,171468.0,42867.0,0,4
17.0,Jesús Sánchez,3.0,Sucursal Calle 80,2,171167.0,85583.5,0,2
56.0,Benjamín Pérez,0.0,Sucursal Norte,2,170931.0,85465.5,0,2
72.0,Estefanía Peña,4.0,Sucursal Oriente,2,170918.0,85459.0,0,2
74.0,Verónica González,9.0,Sucursal El Poblado,2,170536.0,85268.0,0,2
10.0,Inés Rodríguez,9.0,Sucursal Oriente,2,169956.0,84978.0,0,2
69.0,José España,12.0,Sucursal Occidente,2,169352.0,84676.0,0,2
3.0,Estefanía Peña,19.0,Sucursal Sur,4,168688.0,42172.0,0,4
40.0,Jesús Domínguez,6.0,Sucursal El Poblado,2,168362.0,84181.0,0,2
36.0,Julián González,18.0,Sucursal Oriente,2,166028.0,83014.0,0,2
52.0,Julián Álvarez,7.0,Sucursal Occidente,3,165239.0,55079.666666666664,0,3
6.0,María Domínguez,9.0,Sucursal Norte,2,165033.0,82516.5,0,2
76.0,Noelia Castaño,14.0,Sucursal Calle 80,2,164570.0,82285.0,0,2
80.0,Estefanía Peña,2.0,Sucursal Calle 80,2,164279.0,82139.5,0,2
44.0,Mónica Peña,15.0,Sucursal Autopista,3,161747.0,53915.666666666664,0,3
22.0,Julián Castaño,11.0,Sucursal El Poblado,3,161667.0,53889.0,0,3
75.0,Raúl Martínez,8.0,Sucursal Norte,2,160374.0,80187.0,0,2
35.0,Bárbara Rodríguez,19.0,Sucursal Carrera 7,3,159802.0,53267.333333333336,0,3
55.0,Ángela López,5.0,Sucursal Centro,2,159589.0,79794.5,0,2
47.0,Jesús Domínguez,8.0,Sucursal Carrera 7,2,159283.0,79641.5,0,2
78.0,María García,8.0,Sucursal Norte,2,158280.0,79140.0,0,2
14.0,Mónica Álvarez,4.0,Sucursal Occidente,2,158151.0,79075.5,0,2
14.0,Mónica Álvarez,4.0,Sucursal Calle 80,2,157945.0,78972.5,0,2
14.0,Mónica Álvarez,4.0,Sucursal Oriente,2,157155.0,78577.5,0,2
42.0,Inés Peña,12.0,Sucursal Calle 80,2,156859.0,78429.5,0,2
60.0,Inés Castaño,2.0,Sucursal Calle 80,2,156014.0,78007.0,0,2
51.0,Patricio Muñoz,7.0,Sucursal Centro,2,155081.0,77540.5,0,2
4.0,Noelia Rodríguez,9.0,Sucursal Carrera 7,2,154217.0,77108.5,0,2
38.0,Julián González,2.0,Sucursal El Poblado,3,153528.0,51176.0,0,3
45.0,Patricio Niñez,13.0,Sucursal Carrera 7,2,153439.0,76719.5,0,2
19.0,Benjamín Fernández,19.0,Sucursal El Poblado,4,153212.0,38303.0,0,4
59.0,Patricio Sánchez,17.0,Sucursal Norte,2,153146.0,76573.0,0,2
65.0,Álvaro Domínguez,2.0,Sucursal El Poblado,2,152279.0,76139.5,0,2
32.0,Bárbara Rodríguez,1.0,Sucursal Carrera 7,2,152206.0,76103.0,0,2
26.0,Verónica López,4.0,Sucursal El Poblado,2,151550.0,75775.0,0,2
43.0,Mónica Castaño,2.0,Sucursal El Poblado,2,150717.0,75358.5,0,2
41.0,Bárbara Fernández,8.0,Sucursal Oriente,2,150106.0,75053.0,0,2
50.0,Noelia García,8.0,Sucursal El Poblado,2,149393.0,74696.5,0,2
42.0,Inés Peña,12.0,Sucursal Autopista,2,149012.0,74506.0,0,2
2.0,Álvaro Niñez,13.0,Sucursal Centro,2,148834.0,74417.0,0,2
49.0,Julián Castaño,12.0,Sucursal Occidente,3,148790.0,49596.666666666664,0,3
56.0,Benjamín Pérez,0.0,Sucursal Calle 80,3,148150.0,49383.333333333336,0,3
73.0,Noelia Domínguez,16.0,Sucursal Carrera 7,3,147748.0,49249.333333333336,0,3
8.0,Verónica Domínguez,10.0,Sucursal Occidente,2,147221.0,73610.5,0,2
73.0,Noelia Domínguez,16.0,Sucursal El Poblado,2,146901.0,73450.5,0,2
12.0,Verónica Peña,3.0,Sucursal Autopista,2,145830.0,72915.0,0,2
6.0,María Domínguez,9.0,Sucursal Carrera 7,3,144999.0,48333.0,0,3
40.0,Jesús Domínguez,6.0,Sucursal Calle 80,3,144258.0,48086.0,0,3
26.0,Verónica López,4.0,Sucursal Carrera 7,2,142986.0,71493.0,0,2
12.0,Verónica Peña,3.0,Sucursal Norte,2,142927.0,71463.5,0,2
67.0,Sofía Niñez,12.0,Sucursal Occidente,2,141487.0,70743.5,0,2
15.0,Julián Rodríguez,4.0,Sucursal Autopista,3,141453.0,47151.0,0,3
38.0,Julián González,2.0,Sucursal Norte,2,141385.0,70692.5,0,2
33.0,Andrés García,0.0,Sucursal Occidente,2,140136.0,70068.0,0,2
36.0,Julián González,18.0,Sucursal Norte,2,139817.0,69908.5,0,2
50.0,Noelia García,8.0,Sucursal Carrera 7,2,139421.0,69710.5,0,2
61.0,Bárbara Fernández,4.0,Sucursal Centro,2,138431.0,69215.5,0,2
23.0,Julián López,15.0,Sucursal Autopista,2,137936.0,68968.0,0,2
80.0,Estefanía Peña,2.0,Sucursal Oriente,2,137378.0,68689.0,0,2
21.0,Jesús Domínguez,4.0,Sucursal Calle 80,2,136828.0,68414.0,0,2
80.0,Estefanía Peña,2.0,Sucursal Centro,2,134639.0,67319.5,0,2
19.0,Benjamín Fernández,19.0,Sucursal Autopista,2,133830.0,66915.0,0,2
12.0,Verónica Peña,3.0,Sucursal Centro,2,132687.0,66343.5,0,2
58.0,Estefanía Rodríguez,16.0,Sucursal Norte,3,132580.0,44193.333333333336,0,3
65.0,Álvaro Domínguez,2.0,Sucursal Autopista,2,132129.0,66064.5,0,2
18.0,María Rodríguez,19.0,Sucursal Autopista,2,131307.0,65653.5,0,2
68.0,Mónica Domínguez,0.0,Sucursal El Poblado,2,131279.0,65639.5,0,2
25.0,Ángela Rodríguez,13.0,Sucursal Autopista,2,131235.0,65617.5,0,2
64.0,Julián Martínez,3.0,Sucursal Occidente,2,130159.0,65079.5,0,2
77.0,Mónica Domínguez,0.0,Sucursal Calle 80,2,130032.0,65016.0,0,2
50.0,Noelia García,8.0,Sucursal Oriente,3,129393.0,43131.0,0,3
49.0,Julián Castaño,12.0,Sucursal Norte,2,128753.0,64376.5,0,2
35.0,Bárbara Rodríguez,19.0,Sucursal Oriente,2,128331.0,64165.5,0,2
76.0,Noelia Castaño,14.0,Sucursal El Poblado,2,128190.0,64095.0,0,2
27.0,Gabriela Peña,18.0,Sucursal Carrera 7,2,128138.0,64069.0,0,2
7.0,Mónica Rodríguez,4.0,Sucursal Autopista,3,127966.0,42655.333333333336,0,3
15.0,Julián Rodríguez,4.0,Sucursal Calle 80,2,127648.0,63824.0,0,2
72.0,Estefanía Peña,4.0,Sucursal El Poblado,2,127545.0,63772.5,0,2
74.0,Verónica González,9.0,Sucursal Centro,2,126801.0,63400.5,0,2
67.0,Sofía Niñez,12.0,Sucursal Carrera 7,2,125302.0,62651.0,0,2
74.0,Verónica González,9.0,Sucursal Norte,2,124661.0,62330.5,0,2
73.0,Noelia Domínguez,16.0,Sucursal Norte,2,123565.0,61782.5,0,2
23.0,Julián López,15.0,Sucursal El Poblado,2,122933.0,61466.5,0,2
22.0,Julián Castaño,11.0,Sucursal Occidente,2,122874.0,61437.0,0,2
62.0,Andrés Castaño,10.0,Sucursal Occidente,2,122110.0,61055.0,0,2
46.0,Gabriela López,20.0,Sucursal Centro,3,121961.0,40653.666666666664,0,3
13.0,Bárbara Martínez,18.0,Sucursal Sur,2,121953.0,60976.5,0,2
30.0,Raúl García,1.0,Sucursal El Poblado,2,120616.0,60308.0,0,2
69.0,José España,12.0,Sucursal Carrera 7,1,119658.0,119658.0,0,1
14.0,Mónica Álvarez,4.0,Sucursal Autopista,2,119326.0,59663.0,0,2
56.0,Benjamín Pérez,0.0,Sucursal Autopista,2,119223.0,59611.5,0,2
23.0,Julián López,15.0,Sucursal Norte,1,119002.0,119002.0,0,1
38.0,Julián González,2.0,Sucursal Occidente,2,118588.0,59294.0,0,2
56.0,Benjamín Pérez,0.0,Sucursal Carrera 7,2,118390.0,59195.0,0,2
53.0,Noelia López,12.0,Sucursal Oriente,1,117978.0,117978.0,0,1
12.0,Verónica Peña,3.0,Sucursal Carrera 7,1,117122.0,117122.0,0,1
59.0,Patricio Sánchez,17.0,Sucursal Carrera 7,1,117112.0,117112.0,0,1
24.0,Álvaro Álvarez,5.0,Sucursal Norte,1,116718.0,116718.0,0,1
33.0,Andrés García,0.0,Sucursal Norte,1,115493.0,115493.0,0,1
20.0,Raúl González,7.0,Sucursal Occidente,2,114727.0,57363.5,0,2
24.0,Álvaro Álvarez,5.0,Sucursal Oriente,1,114374.0,114374.0,0,1
33.0,Andrés García,0.0,Sucursal El Poblado,2,114348.0,57174.0,0,2
42.0,Inés Peña,12.0,Sucursal Norte,1,114077.0,114077.0,0,1
65.0,Álvaro Domínguez,2.0,Sucursal Carrera 7,1,112608.0,112608.0,0,1
76.0,Noelia Castaño,14.0,Sucursal Norte,1,112539.0,112539.0,0,1
4.0,Noelia Rodríguez,9.0,Sucursal Autopista,2,112212.0,56106.0,0,2
11.0,María González,5.0,Sucursal Carrera 7,2,111398.0,55699.0,0,2
63.0,Verónica Rodríguez,5.0,Sucursal Carrera 7,1,110300.0,110300.0,0,1
32.0,Bárbara Rodríguez,1.0,Sucursal Norte,1,109872.0,109872.0,0,1
34.0,Sofía Muñoz,14.0,Sucursal Carrera 7,2,109086.0,54543.0,0,2
59.0,Patricio Sánchez,17.0,Sucursal Oriente,1,108780.0,108780.0,0,1
5.0,Gabriela García,5.0,Sucursal Carrera 7,2,107915.0,53957.5,0,2
8.0,Verónica Domínguez,10.0,Sucursal El Poblado,1,107588.0,107588.0,0,1
43.0,Mónica Castaño,2.0,Sucursal Carrera 7,2,106960.0,53480.0,0,2
20.0,Raúl González,7.0,Sucursal Norte,2,106471.0,53235.5,0,2
11.0,María González,5.0,Sucursal Autopista,1,105446.0,105446.0,0,1
54.0,Noelia Peña,18.0,Sucursal Occidente,1,105426.0,105426.0,0,1
53.0,Noelia López,12.0,Sucursal Occidente,2,105384.0,52692.0,0,2
64.0,Julián Martínez,3.0,Sucursal Centro,2,104089.0,52044.5,0,2
8.0,Verónica Domínguez,10.0,Sucursal Calle 80,2,104030.0,52015.0,0,2
4.0,Noelia Rodríguez,9.0,Sucursal Centro,1,103920.0,103920.0,0,1
18.0,María Rodríguez,19.0,Sucursal Norte,1,103578.0,103578.0,0,1
1.0,Julián López,6.0,Sucursal El Poblado,1,102897.0,102897.0,0,1
69.0,José España,12.0,Sucursal Oriente,2,102425.0,51212.5,0,2
46.0,Gabriela López,20.0,Sucursal Occidente,2,101896.0,50948.0,0,2
46.0,Gabriela López,20.0,Sucursal Norte,1,101695.0,101695.0,0,1
60.0,Inés Castaño,2.0,Sucursal Norte,1,101394.0,101394.0,0,1
18.0,María Rodríguez,19.0,Sucursal Centro,1,101215.0,101215.0,0,1
35.0,Bárbara Rodríguez,19.0,Sucursal Norte,2,100457.0,50228.5,0,2
47.0,Jesús Domínguez,8.0,Sucursal El Poblado,1,99852.0,99852.0,0,1
17.0,Jesús Sánchez,3.0,Sucursal Occidente,2,99779.0,49889.5,0,2
2.0,Álvaro Niñez,13.0,Sucursal Occidente,1,99714.0,99714.0,0,1
4.0,Noelia Rodríguez,9.0,Sucursal Norte,1,99684.0,99684.0,0,1
32.0,Bárbara Rodríguez,1.0,Sucursal Occidente,2,98778.0,49389.0,0,2
3.0,Estefanía Peña,19.0,Sucursal El Poblado,1,98461.0,98461.0,0,1
61.0,Bárbara Fernández,4.0,Sucursal Occidente,1,98137.0,98137.0,0,1
77.0,Mónica Domínguez,0.0,Sucursal Centro,1,97985.0,97985.0,0,1
39.0,Sofía Pérez,13.0,Sucursal Oriente,1,97191.0,97191.0,0,1
27.0,Gabriela Peña,18.0,Sucursal Occidente,1,96819.0,96819.0,0,1
38.0,Julián González,2.0,Sucursal Oriente,1,96352.0,96352.0,0,1
43.0,Mónica Castaño,2.0,Sucursal Centro,2,95684.0,47842.0,0,2
51.0,Patricio Muñoz,7.0,Sucursal Carrera 7,1,95197.0,95197.0,0,1
65.0,Álvaro Domínguez,2.0,Sucursal Centro,1,94755.0,94755.0,0,1
57.0,Raúl Pérez,3.0,Sucursal Oriente,1,94140.0,94140.0,0,1
65.0,Álvaro Domínguez,2.0,Sucursal Calle 80,2,94000.0,47000.0,0,2
20.0,Raúl González,7.0,Sucursal Carrera 7,1,92392.0,92392.0,0,1
54.0,Noelia Peña,18.0,Sucursal Oriente,1,91671.0,91671.0,0,1
10.0,Inés Rodríguez,9.0,Sucursal Occidente,1,91659.0,91659.0,0,1
76.0,Noelia Castaño,14.0,Sucursal Sur,1,91542.0,91542.0,0,1
77.0,Mónica Domínguez,0.0,Sucursal Norte,2,90405.0,45202.5,0,2
14.0,Mónica Álvarez,4.0,Sucursal Norte,2,90192.0,45096.0,0,2
74.0,Verónica González,9.0,Sucursal Calle 80,2,90136.0,45068.0,0,2
63.0,Verónica Rodríguez,5.0,Sucursal Norte,1,89868.0,89868.0,0,1
69.0,José España,12.0,Sucursal Norte,1,89807.0,89807.0,0,1
45.0,Patricio Niñez,13.0,Sucursal El Poblado,1,88815.0,88815.0,0,1
34.0,Sofía Muñoz,14.0,Sucursal Centro,2,88810.0,44405.0,0,2
54.0,Noelia Peña,18.0,Sucursal Carrera 7,1,88361.0,88361.0,0,1
19.0,Benjamín Fernández,19.0,Sucursal Calle 80,1,88242.0,88242.0,0,1
68.0,Mónica Domínguez,0.0,Sucursal Norte,2,88141.0,44070.5,0,2
64.0,Julián Martínez,3.0,Sucursal El Poblado,1,87618.0,87618.0,0,1
10.0,Inés Rodríguez,9.0,Sucursal Carrera 7,1,86941.0,86941.0,0,1
75.0,Raúl Martínez,8.0,Sucursal Oriente,1,86628.0,86628.0,0,1
61.0,Bárbara Fernández,4.0,Sucursal El Poblado,1,86265.0,86265.0,0,1
53.0,Noelia López,12.0,Sucursal El Poblado,1,86233.0,86233.0,0,1
10.0,Inés Rodríguez,9.0,Sucursal Norte,2,86010.0,43005.0,0,2
62.0,Andrés Castaño,10.0,Sucursal Carrera 7,2,85901.0,42950.5,0,2
31.0,Patricio España,4.0,Sucursal Carrera 7,1,84550.0,84550.0,0,1
8.0,Verónica Domínguez,10.0,Sucursal Norte,1,83780.0,83780.0,0,1
8.0,Verónica Domínguez,10.0,Sucursal Oriente,2,82609.0,41304.5,0,2
47.0,Jesús Domínguez,8.0,Sucursal Occidente,1,82269.0,82269.0,0,1
59.0,Patricio Sánchez,17.0,Sucursal Occidente,2,82217.0,41108.5,0,2
51.0,Patricio Muñoz,7.0,Sucursal Occidente,1,82126.0,82126.0,0,1
15.0,Julián Rodríguez,4.0,Sucursal Norte,1,81858.0,81858.0,0,1
70.0,Andrés Muñoz,9.0,Sucursal Carrera 7,1,81511.0,81511.0,0,1
76.0,Noelia Castaño,14.0,Sucursal Oriente,2,81414.0,40707.0,0,2
44.0,Mónica Peña,15.0,Sucursal Centro,2,81357.0,40678.5,0,2
12.0,Verónica Peña,3.0,Sucursal Oriente,1,80860.0,80860.0,0,1
30.0,Raúl García,1.0,Sucursal Norte,1,79803.0,79803.0,0,1
62.0,Andrés Castaño,10.0,Sucursal Oriente,1,79209.0,79209.0,0,1
74.0,Verónica González,9.0,Sucursal Oriente,1,78576.0,78576.0,0,1
42.0,Inés Peña,12.0,Sucursal El Poblado,1,77604.0,77604.0,0,1
52.0,Julián Álvarez,7.0,Sucursal Calle 80,2,77568.0,38784.0,0,2
61.0,Bárbara Fernández,4.0,Sucursal Oriente,1,77395.0,77395.0,0,1
68.0,Mónica Domínguez,0.0,Sucursal Sur,1,76988.0,76988.0,0,1
39.0,Sofía Pérez,13.0,Sucursal Carrera 7,1,76936.0,76936.0,0,1
53.0,Noelia López,12.0,Sucursal Norte,1,75900.0,75900.0,0,1
30.0,Raúl García,1.0,Sucursal Calle 80,1,75453.0,75453.0,0,1
34.0,Sofía Muñoz,14.0,Sucursal El Poblado,1,75452.0,75452.0,0,1
15.0,Julián Rodríguez,4.0,Sucursal Carrera 7,2,75423.0,37711.5,0,2
48.0,Verónica España,20.0,Sucursal Centro,1,73427.0,73427.0,0,1
66.0,Estefanía García,13.0,Sucursal Carrera 7,1,73384.0,73384.0,0,1
76.0,Noelia Castaño,14.0,Sucursal Carrera 7,1,73183.0,73183.0,0,1
75.0,Raúl Martínez,8.0,Sucursal El Poblado,2,72843.0,36421.5,0,2
66.0,Estefanía García,13.0,Sucursal Oriente,1,72453.0,72453.0,0,1
42.0,Inés Peña,12.0,Sucursal Carrera 7,1,71362.0,71362.0,0,1
42.0,Inés Peña,12.0,Sucursal Oriente,1,71159.0,71159.0,0,1
56.0,Benjamín Pérez,0.0,Sucursal Oriente,2,70013.0,35006.5,0,2
75.0,Raúl Martínez,8.0,Sucursal Carrera 7,1,69186.0,69186.0,0,1
63.0,Verónica Rodríguez,5.0,Sucursal Occidente,1,69149.0,69149.0,0,1
53.0,Noelia López,12.0,Sucursal Centro,1,68735.0,68735.0,0,1
78.0,María García,8.0,Sucursal Occidente,1,68628.0,68628.0,0,1
48.0,Verónica España,20.0,Sucursal Norte,1,68507.0,68507.0,0,1
28.0,Inés Niñez,19.0,Sucursal Autopista,1,68420.0,68420.0,0,1
4.0,Noelia Rodríguez,9.0,Sucursal Oriente,1,68276.0,68276.0,0,1
33.0,Andrés García,0.0,Sucursal Sur,2,68239.0,34119.5,0,2
51.0,Patricio Muñoz,7.0,Sucursal Norte,1,68090.0,68090.0,0,1
6.0,María Domínguez,9.0,Sucursal El Poblado,1,67310.0,67310.0,0,1
20.0,Raúl González,7.0,Sucursal El Poblado,1,67231.0,67231.0,0,1
78.0,María García,8.0,Sucursal El Poblado,1,67164.0,67164.0,0,1
45.0,Patricio Niñez,13.0,Sucursal Centro,2,66834.0,33417.0,0,2
22.0,Julián Castaño,11.0,Sucursal Calle 80,1,66818.0,66818.0,0,1
80.0,Estefanía Peña,2.0,Sucursal Carrera 7,1,66071.0,66071.0,0,1
53.0,Noelia López,12.0,Sucursal Carrera 7,1,65494.0,65494.0,0,1
77.0,Mónica Domínguez,0.0,Sucursal El Poblado,2,64993.0,32496.5,0,2
63.0,Verónica Rodríguez,5.0,Sucursal Autopista,1,64823.0,64823.0,0,1
41.0,Bárbara Fernández,8.0,Sucursal Calle 80,2,64161.0,32080.5,0,2
1.0,Julián López,6.0,Sucursal Norte,1,63559.0,63559.0,0,1
16.0,Noelia Niñez,16.0,Sucursal Oriente,1,62345.0,62345.0,0,1
19.0,Benjamín Fernández,19.0,Sucursal Occidente,2,62343.0,31171.5,0,2
58.0,Estefanía Rodríguez,16.0,Sucursal Calle 80,1,61393.0,61393.0,0,1
72.0,Estefanía Peña,4.0,Sucursal Norte,1,60326.0,60326.0,0,1
21.0,Jesús Domínguez,4.0,Sucursal Carrera 7,1,60183.0,60183.0,0,1
7.0,Mónica Rodríguez,4.0,Sucursal Oriente,1,59130.0,59130.0,0,1
63.0,Verónica Rodríguez,5.0,Sucursal Centro,1,59021.0,59021.0,0,1
11.0,María González,5.0,Sucursal Norte,1,58459.0,58459.0,0,1
51.0,Patricio Muñoz,7.0,Sucursal Autopista,1,58208.0,58208.0,0,1
32.0,Bárbara Rodríguez,1.0,Sucursal Oriente,1,56685.0,56685.0,0,1
9.0,Julián García,9.0,Sucursal Autopista,1,56439.0,56439.0,0,1
25.0,Ángela Rodríguez,13.0,Sucursal Carrera 7,1,56302.0,56302.0,0,1
41.0,Bárbara Fernández,8.0,Sucursal Carrera 7,1,56008.0,56008.0,0,1
75.0,Raúl Martínez,8.0,Sucursal Occidente,1,55522.0,55522.0,0,1
28.0,Inés Niñez,19.0,Sucursal Carrera 7,1,55375.0,55375.0,0,1
13.0,Bárbara Martínez,18.0,Sucursal Oriente,1,54706.0,54706.0,0,1
20.0,Raúl González,7.0,Sucursal Oriente,1,53666.0,53666.0,0,1
40.0,Jesús Domínguez,6.0,Sucursal Carrera 7,1,53618.0,53618.0,0,1
27.0,Gabriela Peña,18.0,Sucursal El Poblado,1,53501.0,53501.0,0,1
65.0,Álvaro Domínguez,2.0,Sucursal Norte,1,53278.0,53278.0,0,1
55.0,Ángela López,5.0,Sucursal El Poblado,1,52846.0,52846.0,0,1
56.0,Benjamín Pérez,0.0,Sucursal Centro,1,52234.0,52234.0,0,1
58.0,Estefanía Rodríguez,16.0,Sucursal Oriente,1,51174.0,51174.0,0,1
38.0,Julián González,2.0,Sucursal Autopista,1,51029.0,51029.0,0,1
37.0,Julián Rodríguez,7.0,Sucursal Oriente,1,50430.0,50430.0,0,1
27.0,Gabriela Peña,18.0,Sucursal Autopista,1,49855.0,49855.0,0,1
10.0,Inés Rodríguez,9.0,Sucursal Sur,1,49625.0,49625.0,0,1
18.0,María Rodríguez,19.0,Sucursal Oriente,1,49547.0,49547.0,0,1
44.0,Mónica Peña,15.0,Sucursal Norte,1,48228.0,48228.0,0,1
2.0,Álvaro Niñez,13.0,Sucursal Oriente,1,47194.0,47194.0,0,1
79.0,Benjamín Peña,10.0,Sucursal Norte,1,46828.0,46828.0,0,1
25.0,Ángela Rodríguez,13.0,Sucursal El Poblado,1,44643.0,44643.0,0,1
66.0,Estefanía García,13.0,Sucursal Centro,1,44622.0,44622.0,0,1
16.0,Noelia Niñez,16.0,Sucursal Occidente,1,43002.0,43002.0,0,1
55.0,Ángela López,5.0,Sucursal Carrera 7,1,42839.0,42839.0,0,1
31.0,Patricio España,4.0,Sucursal Occidente,1,42229.0,42229.0,0,1
54.0,Noelia Peña,18.0,Sucursal Calle 80,1,41426.0,41426.0,0,1
70.0,Andrés Muñoz,9.0,Sucursal Calle 80,1,40456.0,40456.0,0,1
36.0,Julián González,18.0,Sucursal Autopista,1,40245.0,40245.0,0,1
25.0,Ángela Rodríguez,13.0,Sucursal Norte,1,39256.0,39256.0,0,1
37.0,Julián Rodríguez,7.0,Sucursal El Poblado,1,39252.0,39252.0,0,1
32.0,Bárbara Rodríguez,1.0,Sucursal Calle 80,1,38721.0,38721.0,0,1
22.0,Julián Castaño,11.0,Sucursal Carrera 7,1,37553.0,37553.0,0,1
12.0,Verónica Peña,3.0,Sucursal El Poblado,1,36497.0,36497.0,0,1
49.0,Julián Castaño,12.0,Sucursal El Poblado,1,34903.0,34903.0,0,1
65.0,Álvaro Domínguez,2.0,Sucursal Oriente,1,34807.0,34807.0,0,1
68.0,Mónica Domínguez,0.0,Sucursal Centro,1,33987.0,33987.0,0,1
44.0,Mónica Peña,15.0,Sucursal Sur,1,33226.0,33226.0,0,1
59.0,Patricio Sánchez,17.0,Sucursal Calle 80,1,32860.0,32860.0,0,1
7.0,Mónica Rodríguez,4.0,Sucursal El Poblado,1,32258.0,32258.0,0,1
63.0,Verónica Rodríguez,5.0,Sucursal Calle 80,1,31995.0,31995.0,0,1
50.0,Noelia García,8.0,Sucursal Norte,1,31285.0,31285.0,0,1
71.0,José Muñoz,14.0,Sucursal Norte,1,30510.0,30510.0,0,1
28.0,Inés Niñez,19.0,Sucursal El Poblado,1,29638.0,29638.0,0,1
52.0,Julián Álvarez,7.0,Sucursal Centro,1,29407.0,29407.0,0,1
22.0,Julián Castaño,11.0,Sucursal Oriente,1,28888.0,28888.0,0,1
49.0,Julián Castaño,12.0,Sucursal Oriente,1,28686.0,28686.0,0,1
46.0,Gabriela López,20.0,Sucursal El Poblado,1,27524.0,27524.0,0,1
77.0,Mónica Domínguez,0.0,Sucursal Carrera 7,1,26963.0,26963.0,0,1
52.0,Julián Álvarez,7.0,Sucursal El Poblado,1,26531.0,26531.0,0,1
28.0,Inés Niñez,19.0,Sucursal Norte,1,26240.0,26240.0,0,1
