id_tiempo,fecha_completa,año,mes,nombre_mes,trimestre,dia,dia_semana,es_fin_semana
20200101,2020-01-01,2020,1,January,1,1,Wednesday,0
20200102,2020-01-02,2020,1,January,1,2,Thursday,0
20200104,2020-01-04,2020,1,January,1,4,Saturday,1
20200105,2020-01-05,2020,1,January,1,5,Sunday,1
20200106,2020-01-06,2020,1,January,1,6,Monday,0
20200108,2020-01-08,2020,1,January,1,8,Wednesday,0
20200109,2020-01-09,2020,1,January,1,9,Thursday,0
20200110,2020-01-10,2020,1,January,1,10,Friday,0
20200111,2020-01-11,2020,1,January,1,11,Saturday,1
20200113,2020-01-13,2020,1,January,1,13,Monday,0
20200114,2020-01-14,2020,1,January,1,14,Tuesday,0
20200116,2020-01-16,2020,1,January,1,16,Thursday,0
20200117,2020-01-17,2020,1,January,1,17,Friday,0
20200118,2020-01-18,2020,1,January,1,18,Saturday,1
20200119,2020-01-19,2020,1,January,1,19,Sunday,1
20200120,2020-01-20,2020,1,January,1,20,Monday,0
20200121,2020-01-21,2020,1,January,1,21,Tuesday,0
20200122,2020-01-22,2020,1,January,1,22,Wednesday,0
20200123,2020-01-23,2020,1,January,1,23,Thursday,0
20200124,2020-01-24,2020,1,January,1,24,Friday,0
20200126,2020-01-26,2020,1,January,1,26,Sunday,1
20200127,2020-01-27,2020,1,January,1,27,Monday,0
20200130,2020-01-30,2020,1,January,1,30,Thursday,0
20200131,2020-01-31,2020,1,January,1,31,Friday,0
20200201,2020-02-01,2020,2,February,1,1,Saturday,1
20200202,2020-02-02,2020,2,February,1,2,Sunday,1
20200203,2020-02-03,2020,2,February,1,3,Monday,0
20200204,2020-02-04,2020,2,February,1,4,Tuesday,0
20200205,2020-02-05,2020,2,February,1,5,Wednesday,0
20200206,2020-02-06,2020,2,February,1,6,Thursday,0
20200207,2020-02-07,2020,2,February,1,7,Friday,0
20200209,2020-02-09,2020,2,February,1,9,Sunday,1
20200211,2020-02-11,2020,2,February,1,11,Tuesday,0
20200213,2020-02-13,2020,2,February,1,13,Thursday,0
20200214,2020-02-14,2020,2,February,1,14,Friday,0
20200215,2020-02-15,2020,2,February,1,15,Saturday,1
20200216,2020-02-16,2020,2,February,1,16,Sunday,1
20200217,2020-02-17,2020,2,February,1,17,Monday,0
20200218,2020-02-18,2020,2,February,1,18,Tuesday,0
20200219,2020-02-19,2020,2,February,1,19,Wednesday,0
20200220,2020-02-20,2020,2,February,1,20,Thursday,0
20200223,2020-02-23,2020,2,February,1,23,Sunday,1
20200226,2020-02-26,2020,2,February,1,26,Wednesday,0
20200227,2020-02-27,2020,2,February,1,27,Thursday,0
20200228,2020-02-28,2020,2,February,1,28,Friday,0
20200229,2020-02-29,2020,2,February,1,29,Saturday,1
20200301,2020-03-01,2020,3,March,1,1,Sunday,1
20200302,2020-03-02,2020,3,March,1,2,Monday,0
20200303,2020-03-03,2020,3,March,1,3,Tuesday,0
20200304,2020-03-04,2020,3,March,1,4,Wednesday,0
20200305,2020-03-05,2020,3,March,1,5,Thursday,0
20200306,2020-03-06,2020,3,March,1,6,Friday,0
20200307,2020-03-07,2020,3,March,1,7,Saturday,1
20200308,2020-03-08,2020,3,March,1,8,Sunday,1
20200309,2020-03-09,2020,3,March,1,9,Monday,0
20200310,2020-03-10,2020,3,March,1,10,Tuesday,0
20200311,2020-03-11,2020,3,March,1,11,Wednesday,0
20200312,2020-03-12,2020,3,March,1,12,Thursday,0
20200313,2020-03-13,2020,3,March,1,13,Friday,0
20200314,2020-03-14,2020,3,March,1,14,Saturday,1
20200315,2020-03-15,2020,3,March,1,15,Sunday,1
20200317,2020-03-17,2020,3,March,1,17,Tuesday,0
20200318,2020-03-18,2020,3,March,1,18,Wednesday,0
20200320,2020-03-20,2020,3,March,1,20,Friday,0
20200321,2020-03-21,2020,3,March,1,21,Saturday,1
20200322,2020-03-22,2020,3,March,1,22,Sunday,1
20200323,2020-03-23,2020,3,March,1,23,Monday,0
20200324,2020-03-24,2020,3,March,1,24,Tuesday,0
20200325,2020-03-25,2020,3,March,1,25,Wednesday,0
20200326,2020-03-26,2020,3,March,1,26,Thursday,0
20200327,2020-03-27,2020,3,March,1,27,Friday,0
20200329,2020-03-29,2020,3,March,1,29,Sunday,1
20200330,2020-03-30,2020,3,March,1,30,Monday,0
20200331,2020-03-31,2020,3,March,1,31,Tuesday,0
20200401,2020-04-01,2020,4,April,2,1,Wednesday,0
20200402,2020-04-02,2020,4,April,2,2,Thursday,0
20200403,2020-04-03,2020,4,April,2,3,Friday,0
20200404,2020-04-04,2020,4,April,2,4,Saturday,1
20200405,2020-04-05,2020,4,April,2,5,Sunday,1
20200406,2020-04-06,2020,4,April,2,6,Monday,0
20200407,2020-04-07,2020,4,April,2,7,Tuesday,0
20200408,2020-04-08,2020,4,April,2,8,Wednesday,0
20200409,2020-04-09,2020,4,April,2,9,Thursday,0
20200410,2020-04-10,2020,4,April,2,10,Friday,0
20200411,2020-04-11,2020,4,April,2,11,Saturday,1
20200412,2020-04-12,2020,4,April,2,12,Sunday,1
20200413,2020-04-13,2020,4,April,2,13,Monday,0
20200414,2020-04-14,2020,4,April,2,14,Tuesday,0
20200415,2020-04-15,2020,4,April,2,15,Wednesday,0
20200416,2020-04-16,2020,4,April,2,16,Thursday,0
20200417,2020-04-17,2020,4,April,2,17,Friday,0
20200418,2020-04-18,2020,4,April,2,18,Saturday,1
20200419,2020-04-19,2020,4,April,2,19,Sunday,1
20200420,2020-04-20,2020,4,April,2,20,Monday,0
20200421,2020-04-21,2020,4,April,2,21,Tuesday,0
20200422,2020-04-22,2020,4,April,2,22,Wednesday,0
20200423,2020-04-23,2020,4,April,2,23,Thursday,0
20200424,2020-04-24,2020,4,April,2,24,Friday,0
20200425,2020-04-25,2020,4,April,2,25,Saturday,1
20200426,2020-04-26,2020,4,April,2,26,Sunday,1
20200427,2020-04-27,2020,4,April,2,27,Monday,0
20200428,2020-04-28,2020,4,April,2,28,Tuesday,0
20200429,2020-04-29,2020,4,April,2,29,Wednesday,0
20200430,2020-04-30,2020,4,April,2,30,Thursday,0
20200501,2020-05-01,2020,5,May,2,1,Friday,0
20200502,2020-05-02,2020,5,May,2,2,Saturday,1
20200503,2020-05-03,2020,5,May,2,3,Sunday,1
20200504,2020-05-04,2020,5,May,2,4,Monday,0
20200505,2020-05-05,2020,5,May,2,5,Tuesday,0
20200506,2020-05-06,2020,5,May,2,6,Wednesday,0
20200507,2020-05-07,2020,5,May,2,7,Thursday,0
20200509,2020-05-09,2020,5,May,2,9,Saturday,1
20200510,2020-05-10,2020,5,May,2,10,Sunday,1
20200512,2020-05-12,2020,5,May,2,12,Tuesday,0
20200513,2020-05-13,2020,5,May,2,13,Wednesday,0
20200515,2020-05-15,2020,5,May,2,15,Friday,0
20200516,2020-05-16,2020,5,May,2,16,Saturday,1
20200517,2020-05-17,2020,5,May,2,17,Sunday,1
20200518,2020-05-18,2020,5,May,2,18,Monday,0
20200519,2020-05-19,2020,5,May,2,19,Tuesday,0
20200520,2020-05-20,2020,5,May,2,20,Wednesday,0
20200521,2020-05-21,2020,5,May,2,21,Thursday,0
20200523,2020-05-23,2020,5,May,2,23,Saturday,1
20200524,2020-05-24,2020,5,May,2,24,Sunday,1
20200525,2020-05-25,2020,5,May,2,25,Monday,0
20200526,2020-05-26,2020,5,May,2,26,Tuesday,0
20200527,2020-05-27,2020,5,May,2,27,Wednesday,0
20200528,2020-05-28,2020,5,May,2,28,Thursday,0
20200529,2020-05-29,2020,5,May,2,29,Friday,0
20200530,2020-05-30,2020,5,May,2,30,Saturday,1
20200531,2020-05-31,2020,5,May,2,31,Sunday,1
20200601,2020-06-01,2020,6,June,2,1,Monday,0
20200602,2020-06-02,2020,6,June,2,2,Tuesday,0
20200603,2020-06-03,2020,6,June,2,3,Wednesday,0
20200604,2020-06-04,2020,6,June,2,4,Thursday,0
20200605,2020-06-05,2020,6,June,2,5,Friday,0
20200606,2020-06-06,2020,6,June,2,6,Saturday,1
20200607,2020-06-07,2020,6,June,2,7,Sunday,1
20200610,2020-06-10,2020,6,June,2,10,Wednesday,0
20200611,2020-06-11,2020,6,June,2,11,Thursday,0
20200612,2020-06-12,2020,6,June,2,12,Friday,0
20200613,2020-06-13,2020,6,June,2,13,Saturday,1
20200614,2020-06-14,2020,6,June,2,14,Sunday,1
20200615,2020-06-15,2020,6,June,2,15,Monday,0
20200616,2020-06-16,2020,6,June,2,16,Tuesday,0
20200617,2020-06-17,2020,6,June,2,17,Wednesday,0
20200618,2020-06-18,2020,6,June,2,18,Thursday,0
20200619,2020-06-19,2020,6,June,2,19,Friday,0
20200620,2020-06-20,2020,6,June,2,20,Saturday,1
20200621,2020-06-21,2020,6,June,2,21,Sunday,1
20200622,2020-06-22,2020,6,June,2,22,Monday,0
20200623,2020-06-23,2020,6,June,2,23,Tuesday,0
20200624,2020-06-24,2020,6,June,2,24,Wednesday,0
20200625,2020-06-25,2020,6,June,2,25,Thursday,0
20200626,2020-06-26,2020,6,June,2,26,Friday,0
20200627,2020-06-27,2020,6,June,2,27,Saturday,1
20200628,2020-06-28,2020,6,June,2,28,Sunday,1
20200630,2020-06-30,2020,6,June,2,30,Tuesday,0
20200701,2020-07-01,2020,7,July,3,1,Wednesday,0
20200702,2020-07-02,2020,7,July,3,2,Thursday,0
20200703,2020-07-03,2020,7,July,3,3,Friday,0
20200704,2020-07-04,2020,7,July,3,4,Saturday,1
20200705,2020-07-05,2020,7,July,3,5,Sunday,1
20200706,2020-07-06,2020,7,July,3,6,Monday,0
20200707,2020-07-07,2020,7,July,3,7,Tuesday,0
20200708,2020-07-08,2020,7,July,3,8,Wednesday,0
20200709,2020-07-09,2020,7,July,3,9,Thursday,0
20200710,2020-07-10,2020,7,July,3,10,Friday,0
20200711,2020-07-11,2020,7,July,3,11,Saturday,1
20200712,2020-07-12,2020,7,July,3,12,Sunday,1
20200713,2020-07-13,2020,7,July,3,13,Monday,0
20200714,2020-07-14,2020,7,July,3,14,Tuesday,0
20200715,2020-07-15,2020,7,July,3,15,Wednesday,0
20200716,2020-07-16,2020,7,July,3,16,Thursday,0
20200717,2020-07-17,2020,7,July,3,17,Friday,0
20200718,2020-07-18,2020,7,July,3,18,Saturday,1
20200719,2020-07-19,2020,7,July,3,19,Sunday,1
20200720,2020-07-20,2020,7,July,3,20,Monday,0
20200721,2020-07-21,2020,7,July,3,21,Tuesday,0
20200722,2020-07-22,2020,7,July,3,22,Wednesday,0
20200723,2020-07-23,2020,7,July,3,23,Thursday,0
20200724,2020-07-24,2020,7,July,3,24,Friday,0
20200725,2020-07-25,2020,7,July,3,25,Saturday,1
20200727,2020-07-27,2020,7,July,3,27,Monday,0
20200728,2020-07-28,2020,7,July,3,28,Tuesday,0
20200729,2020-07-29,2020,7,July,3,29,Wednesday,0
20200730,2020-07-30,2020,7,July,3,30,Thursday,0
20200731,2020-07-31,2020,7,July,3,31,Friday,0
20200801,2020-08-01,2020,8,August,3,1,Saturday,1
20200802,2020-08-02,2020,8,August,3,2,Sunday,1
20200803,2020-08-03,2020,8,August,3,3,Monday,0
20200804,2020-08-04,2020,8,August,3,4,Tuesday,0
20200806,2020-08-06,2020,8,August,3,6,Thursday,0
20200807,2020-08-07,2020,8,August,3,7,Friday,0
20200808,2020-08-08,2020,8,August,3,8,Saturday,1
20200809,2020-08-09,2020,8,August,3,9,Sunday,1
20200810,2020-08-10,2020,8,August,3,10,Monday,0
20200811,2020-08-11,2020,8,August,3,11,Tuesday,0
20200812,2020-08-12,2020,8,August,3,12,Wednesday,0
20200813,2020-08-13,2020,8,August,3,13,Thursday,0
20200814,2020-08-14,2020,8,August,3,14,Friday,0
20200815,2020-08-15,2020,8,August,3,15,Saturday,1
20200816,2020-08-16,2020,8,August,3,16,Sunday,1
20200817,2020-08-17,2020,8,August,3,17,Monday,0
20200818,2020-08-18,2020,8,August,3,18,Tuesday,0
20200819,2020-08-19,2020,8,August,3,19,Wednesday,0
20200820,2020-08-20,2020,8,August,3,20,Thursday,0
20200821,2020-08-21,2020,8,August,3,21,Friday,0
20200822,2020-08-22,2020,8,August,3,22,Saturday,1
20200823,2020-08-23,2020,8,August,3,23,Sunday,1
20200824,2020-08-24,2020,8,August,3,24,Monday,0
20200825,2020-08-25,2020,8,August,3,25,Tuesday,0
20200826,2020-08-26,2020,8,August,3,26,Wednesday,0
20200827,2020-08-27,2020,8,August,3,27,Thursday,0
20200829,2020-08-29,2020,8,August,3,29,Saturday,1
20200830,2020-08-30,2020,8,August,3,30,Sunday,1
20200831,2020-08-31,2020,8,August,3,31,Monday,0
20200901,2020-09-01,2020,9,September,3,1,Tuesday,0
20200902,2020-09-02,2020,9,September,3,2,Wednesday,0
20200903,2020-09-03,2020,9,September,3,3,Thursday,0
20200904,2020-09-04,2020,9,September,3,4,Friday,0
20200905,2020-09-05,2020,9,September,3,5,Saturday,1
20200906,2020-09-06,2020,9,September,3,6,Sunday,1
20200907,2020-09-07,2020,9,September,3,7,Monday,0
20200908,2020-09-08,2020,9,September,3,8,Tuesday,0
20200909,2020-09-09,2020,9,September,3,9,Wednesday,0
20200910,2020-09-10,2020,9,September,3,10,Thursday,0
20200911,2020-09-11,2020,9,September,3,11,Friday,0
20200912,2020-09-12,2020,9,September,3,12,Saturday,1
20200913,2020-09-13,2020,9,September,3,13,Sunday,1
20200914,2020-09-14,2020,9,September,3,14,Monday,0
20200915,2020-09-15,2020,9,September,3,15,Tuesday,0
20200916,2020-09-16,2020,9,September,3,16,Wednesday,0
20200917,2020-09-17,2020,9,September,3,17,Thursday,0
20200918,2020-09-18,2020,9,September,3,18,Friday,0
20200919,2020-09-19,2020,9,September,3,19,Saturday,1
20200920,2020-09-20,2020,9,September,3,20,Sunday,1
20200921,2020-09-21,2020,9,September,3,21,Monday,0
20200922,2020-09-22,2020,9,September,3,22,Tuesday,0
20200923,2020-09-23,2020,9,September,3,23,Wednesday,0
20200924,2020-09-24,2020,9,September,3,24,Thursday,0
20200925,2020-09-25,2020,9,September,3,25,Friday,0
20200926,2020-09-26,2020,9,September,3,26,Saturday,1
20200927,2020-09-27,2020,9,September,3,27,Sunday,1
20200928,2020-09-28,2020,9,September,3,28,Monday,0
20200929,2020-09-29,2020,9,September,3,29,Tuesday,0
20200930,2020-09-30,2020,9,September,3,30,Wednesday,0
20201001,2020-10-01,2020,10,October,4,1,Thursday,0
20201002,2020-10-02,2020,10,October,4,2,Friday,0
20201003,2020-10-03,2020,10,October,4,3,Saturday,1
20201004,2020-10-04,2020,10,October,4,4,Sunday,1
20201005,2020-10-05,2020,10,October,4,5,Monday,0
20201006,2020-10-06,2020,10,October,4,6,Tuesday,0
20201007,2020-10-07,2020,10,October,4,7,Wednesday,0
20201008,2020-10-08,2020,10,October,4,8,Thursday,0
20201009,2020-10-09,2020,10,October,4,9,Friday,0
20201010,2020-10-10,2020,10,October,4,10,Saturday,1
20201012,2020-10-12,2020,10,October,4,12,Monday,0
20201013,2020-10-13,2020,10,October,4,13,Tuesday,0
20201014,2020-10-14,2020,10,October,4,14,Wednesday,0
20201017,2020-10-17,2020,10,October,4,17,Saturday,1
20201018,2020-10-18,2020,10,October,4,18,Sunday,1
20201019,2020-10-19,2020,10,October,4,19,Monday,0
20201020,2020-10-20,2020,10,October,4,20,Tuesday,0
20201021,2020-10-21,2020,10,October,4,21,Wednesday,0
20201022,2020-10-22,2020,10,October,4,22,Thursday,0
20201023,2020-10-23,2020,10,October,4,23,Friday,0
20201024,2020-10-24,2020,10,October,4,24,Saturday,1
20201025,2020-10-25,2020,10,October,4,25,Sunday,1
20201026,2020-10-26,2020,10,October,4,26,Monday,0
20201027,2020-10-27,2020,10,October,4,27,Tuesday,0
20201028,2020-10-28,2020,10,October,4,28,Wednesday,0
20201031,2020-10-31,2020,10,October,4,31,Saturday,1
20201102,2020-11-02,2020,11,November,4,2,Monday,0
20201104,2020-11-04,2020,11,November,4,4,Wednesday,0
20201105,2020-11-05,2020,11,November,4,5,Thursday,0
20201106,2020-11-06,2020,11,November,4,6,Friday,0
20201107,2020-11-07,2020,11,November,4,7,Saturday,1
20201108,2020-11-08,2020,11,November,4,8,Sunday,1
20201109,2020-11-09,2020,11,November,4,9,Monday,0
20201110,2020-11-10,2020,11,November,4,10,Tuesday,0
20201111,2020-11-11,2020,11,November,4,11,Wednesday,0
20201112,2020-11-12,2020,11,November,4,12,Thursday,0
20201113,2020-11-13,2020,11,November,4,13,Friday,0
20201114,2020-11-14,2020,11,November,4,14,Saturday,1
20201115,2020-11-15,2020,11,November,4,15,Sunday,1
20201116,2020-11-16,2020,11,November,4,16,Monday,0
20201117,2020-11-17,2020,11,November,4,17,Tuesday,0
20201119,2020-11-19,2020,11,November,4,19,Thursday,0
20201120,2020-11-20,2020,11,November,4,20,Friday,0
20201121,2020-11-21,2020,11,November,4,21,Saturday,1
20201122,2020-11-22,2020,11,November,4,22,Sunday,1
20201123,2020-11-23,2020,11,November,4,23,Monday,0
20201124,2020-11-24,2020,11,November,4,24,Tuesday,0
20201125,2020-11-25,2020,11,November,4,25,Wednesday,0
20201126,2020-11-26,2020,11,November,4,26,Thursday,0
20201127,2020-11-27,2020,11,November,4,27,Friday,0
20201128,2020-11-28,2020,11,November,4,28,Saturday,1
20201129,2020-11-29,2020,11,November,4,29,Sunday,1
20201130,2020-11-30,2020,11,November,4,30,Monday,0
20201202,2020-12-02,2020,12,December,4,2,Wednesday,0
20201203,2020-12-03,2020,12,December,4,3,Thursday,0
20201204,2020-12-04,2020,12,December,4,4,Friday,0
20201205,2020-12-05,2020,12,December,4,5,Saturday,1
20201207,2020-12-07,2020,12,December,4,7,Monday,0
20201208,2020-12-08,2020,12,December,4,8,Tuesday,0
20201209,2020-12-09,2020,12,December,4,9,Wednesday,0
20201210,2020-12-10,2020,12,December,4,10,Thursday,0
20201211,2020-12-11,2020,12,December,4,11,Friday,0
20201213,2020-12-13,2020,12,December,4,13,Sunday,1
20201214,2020-12-14,2020,12,December,4,14,Monday,0
20201215,2020-12-15,2020,12,December,4,15,Tuesday,0
20201216,2020-12-16,2020,12,December,4,16,Wednesday,0
20201217,2020-12-17,2020,12,December,4,17,Thursday,0
20201218,2020-12-18,2020,12,December,4,18,Friday,0
20201219,2020-12-19,2020,12,December,4,19,Saturday,1
20201220,2020-12-20,2020,12,December,4,20,Sunday,1
20201221,2020-12-21,2020,12,December,4,21,Monday,0
20201222,2020-12-22,2020,12,December,4,22,Tuesday,0
20201223,2020-12-23,2020,12,December,4,23,Wednesday,0
20201224,2020-12-24,2020,12,December,4,24,Thursday,0
20201225,2020-12-25,2020,12,December,4,25,Friday,0
20201226,2020-12-26,2020,12,December,4,26,Saturday,1
20201227,2020-12-27,2020,12,December,4,27,Sunday,1
20201228,2020-12-28,2020,12,December,4,28,Monday,0
20201229,2020-12-29,2020,12,December,4,29,Tuesday,0
20201230,2020-12-30,2020,12,December,4,30,Wednesday,0
20201231,2020-12-31,2020,12,December,4,31,Thursday,0
20210101,2021-01-01,2021,1,January,1,1,Friday,0
20210102,2021-01-02,2021,1,January,1,2,Saturday,1
20210103,2021-01-03,2021,1,January,1,3,Sunday,1
20210104,2021-01-04,2021,1,January,1,4,Monday,0
20210105,2021-01-05,2021,1,January,1,5,Tuesday,0
20210106,2021-01-06,2021,1,January,1,6,Wednesday,0
20210107,2021-01-07,2021,1,January,1,7,Thursday,0
20210108,2021-01-08,2021,1,January,1,8,Friday,0
20210109,2021-01-09,2021,1,January,1,9,Saturday,1
20210110,2021-01-10,2021,1,January,1,10,Sunday,1
20210111,2021-01-11,2021,1,January,1,11,Monday,0
20210113,2021-01-13,2021,1,January,1,13,Wednesday,0
20210114,2021-01-14,2021,1,January,1,14,Thursday,0
20210116,2021-01-16,2021,1,January,1,16,Saturday,1
20210117,2021-01-17,2021,1,January,1,17,Sunday,1
20210118,2021-01-18,2021,1,January,1,18,Monday,0
20210119,2021-01-19,2021,1,January,1,19,Tuesday,0
20210120,2021-01-20,2021,1,January,1,20,Wednesday,0
20210121,2021-01-21,2021,1,January,1,21,Thursday,0
20210122,2021-01-22,2021,1,January,1,22,Friday,0
20210123,2021-01-23,2021,1,January,1,23,Saturday,1
20210124,2021-01-24,2021,1,January,1,24,Sunday,1
20210125,2021-01-25,2021,1,January,1,25,Monday,0
20210126,2021-01-26,2021,1,January,1,26,Tuesday,0
20210127,2021-01-27,2021,1,January,1,27,Wednesday,0
20210128,2021-01-28,2021,1,January,1,28,Thursday,0
20210129,2021-01-29,2021,1,January,1,29,Friday,0
20210130,2021-01-30,2021,1,January,1,30,Saturday,1
20210131,2021-01-31,2021,1,January,1,31,Sunday,1
20210202,2021-02-02,2021,2,February,1,2,Tuesday,0
20210203,2021-02-03,2021,2,February,1,3,Wednesday,0
20210204,2021-02-04,2021,2,February,1,4,Thursday,0
20210205,2021-02-05,2021,2,February,1,5,Friday,0
20210206,2021-02-06,2021,2,February,1,6,Saturday,1
20210207,2021-02-07,2021,2,February,1,7,Sunday,1
20210208,2021-02-08,2021,2,February,1,8,Monday,0
20210209,2021-02-09,2021,2,February,1,9,Tuesday,0
20210210,2021-02-10,2021,2,February,1,10,Wednesday,0
20210211,2021-02-11,2021,2,February,1,11,Thursday,0
20210212,2021-02-12,2021,2,February,1,12,Friday,0
20210213,2021-02-13,2021,2,February,1,13,Saturday,1
20210214,2021-02-14,2021,2,February,1,14,Sunday,1
20210215,2021-02-15,2021,2,February,1,15,Monday,0
20210216,2021-02-16,2021,2,February,1,16,Tuesday,0
20210217,2021-02-17,2021,2,February,1,17,Wednesday,0
20210218,2021-02-18,2021,2,February,1,18,Thursday,0
20210219,2021-02-19,2021,2,February,1,19,Friday,0
20210220,2021-02-20,2021,2,February,1,20,Saturday,1
20210221,2021-02-21,2021,2,February,1,21,Sunday,1
20210222,2021-02-22,2021,2,February,1,22,Monday,0
20210223,2021-02-23,2021,2,February,1,23,Tuesday,0
20210224,2021-02-24,2021,2,February,1,24,Wednesday,0
20210225,2021-02-25,2021,2,February,1,25,Thursday,0
20210226,2021-02-26,2021,2,February,1,26,Friday,0
20210228,2021-02-28,2021,2,February,1,28,Sunday,1
20210304,2021-03-04,2021,3,March,1,4,Thursday,0
20210305,2021-03-05,2021,3,March,1,5,Friday,0
20210306,2021-03-06,2021,3,March,1,6,Saturday,1
20210309,2021-03-09,2021,3,March,1,9,Tuesday,0
20210311,2021-03-11,2021,3,March,1,11,Thursday,0
20210312,2021-03-12,2021,3,March,1,12,Friday,0
20210313,2021-03-13,2021,3,March,1,13,Saturday,1
20210314,2021-03-14,2021,3,March,1,14,Sunday,1
20210315,2021-03-15,2021,3,March,1,15,Monday,0
20210316,2021-03-16,2021,3,March,1,16,Tuesday,0
20210317,2021-03-17,2021,3,March,1,17,Wednesday,0
20210319,2021-03-19,2021,3,March,1,19,Friday,0
20210320,2021-03-20,2021,3,March,1,20,Saturday,1
20210321,2021-03-21,2021,3,March,1,21,Sunday,1
20210322,2021-03-22,2021,3,March,1,22,Monday,0
20210323,2021-03-23,2021,3,March,1,23,Tuesday,0
20210324,2021-03-24,2021,3,March,1,24,Wednesday,0
20210326,2021-03-26,2021,3,March,1,26,Friday,0
20210327,2021-03-27,2021,3,March,1,27,Saturday,1
20210329,2021-03-29,2021,3,March,1,29,Monday,0
20210330,2021-03-30,2021,3,March,1,30,Tuesday,0
20210331,2021-03-31,2021,3,March,1,31,Wednesday,0
20210401,2021-04-01,2021,4,April,2,1,Thursday,0
20210402,2021-04-02,2021,4,April,2,2,Friday,0
20210403,2021-04-03,2021,4,April,2,3,Saturday,1
20210404,2021-04-04,2021,4,April,2,4,Sunday,1
20210406,2021-04-06,2021,4,April,2,6,Tuesday,0
20210407,2021-04-07,2021,4,April,2,7,Wednesday,0
20210408,2021-04-08,2021,4,April,2,8,Thursday,0
20210409,2021-04-09,2021,4,April,2,9,Friday,0
20210410,2021-04-10,2021,4,April,2,10,Saturday,1
20210414,2021-04-14,2021,4,April,2,14,Wednesday,0
20210415,2021-04-15,2021,4,April,2,15,Thursday,0
20210416,2021-04-16,2021,4,April,2,16,Friday,0
20210417,2021-04-17,2021,4,April,2,17,Saturday,1
20210418,2021-04-18,2021,4,April,2,18,Sunday,1
20210419,2021-04-19,2021,4,April,2,19,Monday,0
20210420,2021-04-20,2021,4,April,2,20,Tuesday,0
20210421,2021-04-21,2021,4,April,2,21,Wednesday,0
20210423,2021-04-23,2021,4,April,2,23,Friday,0
20210424,2021-04-24,2021,4,April,2,24,Saturday,1
20210426,2021-04-26,2021,4,April,2,26,Monday,0
20210427,2021-04-27,2021,4,April,2,27,Tuesday,0
20210428,2021-04-28,2021,4,April,2,28,Wednesday,0
20210429,2021-04-29,2021,4,April,2,29,Thursday,0
20210430,2021-04-30,2021,4,April,2,30,Friday,0
20210501,2021-05-01,2021,5,May,2,1,Saturday,1
20210503,2021-05-03,2021,5,May,2,3,Monday,0
20210504,2021-05-04,2021,5,May,2,4,Tuesday,0
20210505,2021-05-05,2021,5,May,2,5,Wednesday,0
20210506,2021-05-06,2021,5,May,2,6,Thursday,0
20210507,2021-05-07,2021,5,May,2,7,Friday,0
20210508,2021-05-08,2021,5,May,2,8,Saturday,1
20210510,2021-05-10,2021,5,May,2,10,Monday,0
20210512,2021-05-12,2021,5,May,2,12,Wednesday,0
20210513,2021-05-13,2021,5,May,2,13,Thursday,0
20210514,2021-05-14,2021,5,May,2,14,Friday,0
20210515,2021-05-15,2021,5,May,2,15,Saturday,1
20210516,2021-05-16,2021,5,May,2,16,Sunday,1
20210517,2021-05-17,2021,5,May,2,17,Monday,0
20210518,2021-05-18,2021,5,May,2,18,Tuesday,0
20210519,2021-05-19,2021,5,May,2,19,Wednesday,0
20210520,2021-05-20,2021,5,May,2,20,Thursday,0
20210521,2021-05-21,2021,5,May,2,21,Friday,0
20210522,2021-05-22,2021,5,May,2,22,Saturday,1
20210523,2021-05-23,2021,5,May,2,23,Sunday,1
20210524,2021-05-24,2021,5,May,2,24,Monday,0
20210525,2021-05-25,2021,5,May,2,25,Tuesday,0
20210527,2021-05-27,2021,5,May,2,27,Thursday,0
20210528,2021-05-28,2021,5,May,2,28,Friday,0
20210529,2021-05-29,2021,5,May,2,29,Saturday,1
20210530,2021-05-30,2021,5,May,2,30,Sunday,1
20210531,2021-05-31,2021,5,May,2,31,Monday,0
20210601,2021-06-01,2021,6,June,2,1,Tuesday,0
20210603,2021-06-03,2021,6,June,2,3,Thursday,0
20210604,2021-06-04,2021,6,June,2,4,Friday,0
20210606,2021-06-06,2021,6,June,2,6,Sunday,1
20210607,2021-06-07,2021,6,June,2,7,Monday,0
20210608,2021-06-08,2021,6,June,2,8,Tuesday,0
20210609,2021-06-09,2021,6,June,2,9,Wednesday,0
20210610,2021-06-10,2021,6,June,2,10,Thursday,0
20210612,2021-06-12,2021,6,June,2,12,Saturday,1
20210613,2021-06-13,2021,6,June,2,13,Sunday,1
20210615,2021-06-15,2021,6,June,2,15,Tuesday,0
20210616,2021-06-16,2021,6,June,2,16,Wednesday,0
20210617,2021-06-17,2021,6,June,2,17,Thursday,0
20210618,2021-06-18,2021,6,June,2,18,Friday,0
20210619,2021-06-19,2021,6,June,2,19,Saturday,1
20210620,2021-06-20,2021,6,June,2,20,Sunday,1
20210621,2021-06-21,2021,6,June,2,21,Monday,0
20210622,2021-06-22,2021,6,June,2,22,Tuesday,0
20210623,2021-06-23,2021,6,June,2,23,Wednesday,0
20210624,2021-06-24,2021,6,June,2,24,Thursday,0
20210625,2021-06-25,2021,6,June,2,25,Friday,0
20210627,2021-06-27,2021,6,June,2,27,Sunday,1
20210629,2021-06-29,2021,6,June,2,29,Tuesday,0
20210630,2021-06-30,2021,6,June,2,30,Wednesday,0
20210701,2021-07-01,2021,7,July,3,1,Thursday,0
20210703,2021-07-03,2021,7,July,3,3,Saturday,1
20210704,2021-07-04,2021,7,July,3,4,Sunday,1
20210705,2021-07-05,2021,7,July,3,5,Monday,0
20210706,2021-07-06,2021,7,July,3,6,Tuesday,0
20210708,2021-07-08,2021,7,July,3,8,Thursday,0
20210709,2021-07-09,2021,7,July,3,9,Friday,0
20210711,2021-07-11,2021,7,July,3,11,Sunday,1
20210715,2021-07-15,2021,7,July,3,15,Thursday,0
20210716,2021-07-16,2021,7,July,3,16,Friday,0
20210718,2021-07-18,2021,7,July,3,18,Sunday,1
20210719,2021-07-19,2021,7,July,3,19,Monday,0
20210720,2021-07-20,2021,7,July,3,20,Tuesday,0
20210721,2021-07-21,2021,7,July,3,21,Wednesday,0
20210722,2021-07-22,2021,7,July,3,22,Thursday,0
20210724,2021-07-24,2021,7,July,3,24,Saturday,1
20210725,2021-07-25,2021,7,July,3,25,Sunday,1
20210726,2021-07-26,2021,7,July,3,26,Monday,0
20210727,2021-07-27,2021,7,July,3,27,Tuesday,0
20210728,2021-07-28,2021,7,July,3,28,Wednesday,0
20210729,2021-07-29,2021,7,July,3,29,Thursday,0
20210730,2021-07-30,2021,7,July,3,30,Friday,0
20210731,2021-07-31,2021,7,July,3,31,Saturday,1
20210801,2021-08-01,2021,8,August,3,1,Sunday,1
20210802,2021-08-02,2021,8,August,3,2,Monday,0
20210803,2021-08-03,2021,8,August,3,3,Tuesday,0
20210804,2021-08-04,2021,8,August,3,4,Wednesday,0
20210806,2021-08-06,2021,8,August,3,6,Friday,0
20210807,2021-08-07,2021,8,August,3,7,Saturday,1
20210808,2021-08-08,2021,8,August,3,8,Sunday,1
20210809,2021-08-09,2021,8,August,3,9,Monday,0
20210810,2021-08-10,2021,8,August,3,10,Tuesday,0
20210811,2021-08-11,2021,8,August,3,11,Wednesday,0
20210812,2021-08-12,2021,8,August,3,12,Thursday,0
20210813,2021-08-13,2021,8,August,3,13,Friday,0
20210814,2021-08-14,2021,8,August,3,14,Saturday,1
20210815,2021-08-15,2021,8,August,3,15,Sunday,1
20210816,2021-08-16,2021,8,August,3,16,Monday,0
20210817,2021-08-17,2021,8,August,3,17,Tuesday,0
20210819,2021-08-19,2021,8,August,3,19,Thursday,0
20210820,2021-08-20,2021,8,August,3,20,Friday,0
20210821,2021-08-21,2021,8,August,3,21,Saturday,1
20210822,2021-08-22,2021,8,August,3,22,Sunday,1
20210823,2021-08-23,2021,8,August,3,23,Monday,0
20210824,2021-08-24,2021,8,August,3,24,Tuesday,0
20210825,2021-08-25,2021,8,August,3,25,Wednesday,0
20210826,2021-08-26,2021,8,August,3,26,Thursday,0
20210827,2021-08-27,2021,8,August,3,27,Friday,0
20210828,2021-08-28,2021,8,August,3,28,Saturday,1
20210829,2021-08-29,2021,8,August,3,29,Sunday,1
20210830,2021-08-30,2021,8,August,3,30,Monday,0
20210831,2021-08-31,2021,8,August,3,31,Tuesday,0
20210901,2021-09-01,2021,9,September,3,1,Wednesday,0
20210902,2021-09-02,2021,9,September,3,2,Thursday,0
20210904,2021-09-04,2021,9,September,3,4,Saturday,1
20210905,2021-09-05,2021,9,September,3,5,Sunday,1
20210906,2021-09-06,2021,9,September,3,6,Monday,0
20210907,2021-09-07,2021,9,September,3,7,Tuesday,0
20210908,2021-09-08,2021,9,September,3,8,Wednesday,0
20210909,2021-09-09,2021,9,September,3,9,Thursday,0
20210910,2021-09-10,2021,9,September,3,10,Friday,0
20210911,2021-09-11,2021,9,September,3,11,Saturday,1
20210912,2021-09-12,2021,9,September,3,12,Sunday,1
20210913,2021-09-13,2021,9,September,3,13,Monday,0
20210914,2021-09-14,2021,9,September,3,14,Tuesday,0
20210915,2021-09-15,2021,9,September,3,15,Wednesday,0
20210916,2021-09-16,2021,9,September,3,16,Thursday,0
20210917,2021-09-17,2021,9,September,3,17,Friday,0
20210919,2021-09-19,2021,9,September,3,19,Sunday,1
20210920,2021-09-20,2021,9,September,3,20,Monday,0
20210921,2021-09-21,2021,9,September,3,21,Tuesday,0
20210922,2021-09-22,2021,9,September,3,22,Wednesday,0
20210923,2021-09-23,2021,9,September,3,23,Thursday,0
20210924,2021-09-24,2021,9,September,3,24,Friday,0
20210925,2021-09-25,2021,9,September,3,25,Saturday,1
20210926,2021-09-26,2021,9,September,3,26,Sunday,1
20210927,2021-09-27,2021,9,September,3,27,Monday,0
20210928,2021-09-28,2021,9,September,3,28,Tuesday,0
20210929,2021-09-29,2021,9,September,3,29,Wednesday,0
20210930,2021-09-30,2021,9,September,3,30,Thursday,0
20211001,2021-10-01,2021,10,October,4,1,Friday,0
20211004,2021-10-04,2021,10,October,4,4,Monday,0
20211007,2021-10-07,2021,10,October,4,7,Thursday,0
20211008,2021-10-08,2021,10,October,4,8,Friday,0
20211009,2021-10-09,2021,10,October,4,9,Saturday,1
20211010,2021-10-10,2021,10,October,4,10,Sunday,1
20211011,2021-10-11,2021,10,October,4,11,Monday,0
20211012,2021-10-12,2021,10,October,4,12,Tuesday,0
20211013,2021-10-13,2021,10,October,4,13,Wednesday,0
20211015,2021-10-15,2021,10,October,4,15,Friday,0
20211016,2021-10-16,2021,10,October,4,16,Saturday,1
20211017,2021-10-17,2021,10,October,4,17,Sunday,1
20211018,2021-10-18,2021,10,October,4,18,Monday,0
20211019,2021-10-19,2021,10,October,4,19,Tuesday,0
20211021,2021-10-21,2021,10,October,4,21,Thursday,0
20211022,2021-10-22,2021,10,October,4,22,Friday,0
20211024,2021-10-24,2021,10,October,4,24,Sunday,1
20211026,2021-10-26,2021,10,October,4,26,Tuesday,0
20211027,2021-10-27,2021,10,October,4,27,Wednesday,0
20211028,2021-10-28,2021,10,October,4,28,Thursday,0
20211029,2021-10-29,2021,10,October,4,29,Friday,0
20211030,2021-10-30,2021,10,October,4,30,Saturday,1
20211031,2021-10-31,2021,10,October,4,31,Sunday,1
20211101,2021-11-01,2021,11,November,4,1,Monday,0
20211102,2021-11-02,2021,11,November,4,2,Tuesday,0
20211103,2021-11-03,2021,11,November,4,3,Wednesday,0
20211104,2021-11-04,2021,11,November,4,4,Thursday,0
20211106,2021-11-06,2021,11,November,4,6,Saturday,1
20211107,2021-11-07,2021,11,November,4,7,Sunday,1
20211108,2021-11-08,2021,11,November,4,8,Monday,0
20211109,2021-11-09,2021,11,November,4,9,Tuesday,0
20211110,2021-11-10,2021,11,November,4,10,Wednesday,0
20211111,2021-11-11,2021,11,November,4,11,Thursday,0
20211112,2021-11-12,2021,11,November,4,12,Friday,0
20211113,2021-11-13,2021,11,November,4,13,Saturday,1
20211114,2021-11-14,2021,11,November,4,14,Sunday,1
20211115,2021-11-15,2021,11,November,4,15,Monday,0
20211116,2021-11-16,2021,11,November,4,16,Tuesday,0
20211117,2021-11-17,2021,11,November,4,17,Wednesday,0
20211118,2021-11-18,2021,11,November,4,18,Thursday,0
20211119,2021-11-19,2021,11,November,4,19,Friday,0
20211120,2021-11-20,2021,11,November,4,20,Saturday,1
20211121,2021-11-21,2021,11,November,4,21,Sunday,1
20211122,2021-11-22,2021,11,November,4,22,Monday,0
20211123,2021-11-23,2021,11,November,4,23,Tuesday,0
20211124,2021-11-24,2021,11,November,4,24,Wednesday,0
20211125,2021-11-25,2021,11,November,4,25,Thursday,0
20211126,2021-11-26,2021,11,November,4,26,Friday,0
20211127,2021-11-27,2021,11,November,4,27,Saturday,1
20211128,2021-11-28,2021,11,November,4,28,Sunday,1
20211129,2021-11-29,2021,11,November,4,29,Monday,0
20211130,2021-11-30,2021,11,November,4,30,Tuesday,0
20211201,2021-12-01,2021,12,December,4,1,Wednesday,0
20211202,2021-12-02,2021,12,December,4,2,Thursday,0
20211204,2021-12-04,2021,12,December,4,4,Saturday,1
20211205,2021-12-05,2021,12,December,4,5,Sunday,1
20211206,2021-12-06,2021,12,December,4,6,Monday,0
20211208,2021-12-08,2021,12,December,4,8,Wednesday,0
20211209,2021-12-09,2021,12,December,4,9,Thursday,0
20211210,2021-12-10,2021,12,December,4,10,Friday,0
20211211,2021-12-11,2021,12,December,4,11,Saturday,1
20211212,2021-12-12,2021,12,December,4,12,Sunday,1
20211213,2021-12-13,2021,12,December,4,13,Monday,0
20211214,2021-12-14,2021,12,December,4,14,Tuesday,0
20211216,2021-12-16,2021,12,December,4,16,Thursday,0
20211217,2021-12-17,2021,12,December,4,17,Friday,0
20211218,2021-12-18,2021,12,December,4,18,Saturday,1
20211220,2021-12-20,2021,12,December,4,20,Monday,0
20211222,2021-12-22,2021,12,December,4,22,Wednesday,0
20211223,2021-12-23,2021,12,December,4,23,Thursday,0
20211224,2021-12-24,2021,12,December,4,24,Friday,0
20211225,2021-12-25,2021,12,December,4,25,Saturday,1
20211226,2021-12-26,2021,12,December,4,26,Sunday,1
20211227,2021-12-27,2021,12,December,4,27,Monday,0
20211229,2021-12-29,2021,12,December,4,29,Wednesday,0
20220102,2022-01-02,2022,1,January,1,2,Sunday,1
20220103,2022-01-03,2022,1,January,1,3,Monday,0
20220104,2022-01-04,2022,1,January,1,4,Tuesday,0
20220105,2022-01-05,2022,1,January,1,5,Wednesday,0
20220106,2022-01-06,2022,1,January,1,6,Thursday,0
20220107,2022-01-07,2022,1,January,1,7,Friday,0
20220108,2022-01-08,2022,1,January,1,8,Saturday,1
20220109,2022-01-09,2022,1,January,1,9,Sunday,1
20220110,2022-01-10,2022,1,January,1,10,Monday,0
20220111,2022-01-11,2022,1,January,1,11,Tuesday,0
20220113,2022-01-13,2022,1,January,1,13,Thursday,0
20220114,2022-01-14,2022,1,January,1,14,Friday,0
20220115,2022-01-15,2022,1,January,1,15,Saturday,1
20220116,2022-01-16,2022,1,January,1,16,Sunday,1
20220117,2022-01-17,2022,1,January,1,17,Monday,0
20220118,2022-01-18,2022,1,January,1,18,Tuesday,0
20220119,2022-01-19,2022,1,January,1,19,Wednesday,0
20220120,2022-01-20,2022,1,January,1,20,Thursday,0
20220121,2022-01-21,2022,1,January,1,21,Friday,0
20220122,2022-01-22,2022,1,January,1,22,Saturday,1
20220123,2022-01-23,2022,1,January,1,23,Sunday,1
20220124,2022-01-24,2022,1,January,1,24,Monday,0
20220125,2022-01-25,2022,1,January,1,25,Tuesday,0
20220126,2022-01-26,2022,1,January,1,26,Wednesday,0
20220127,2022-01-27,2022,1,January,1,27,Thursday,0
20220128,2022-01-28,2022,1,January,1,28,Friday,0
20220129,2022-01-29,2022,1,January,1,29,Saturday,1
20220130,2022-01-30,2022,1,January,1,30,Sunday,1
20220201,2022-02-01,2022,2,February,1,1,Tuesday,0
20220202,2022-02-02,2022,2,February,1,2,Wednesday,0
20220203,2022-02-03,2022,2,February,1,3,Thursday,0
20220204,2022-02-04,2022,2,February,1,4,Friday,0
20220205,2022-02-05,2022,2,February,1,5,Saturday,1
20220206,2022-02-06,2022,2,February,1,6,Sunday,1
20220207,2022-02-07,2022,2,February,1,7,Monday,0
20220209,2022-02-09,2022,2,February,1,9,Wednesday,0
20220210,2022-02-10,2022,2,February,1,10,Thursday,0
20220211,2022-02-11,2022,2,February,1,11,Friday,0
20220212,2022-02-12,2022,2,February,1,12,Saturday,1
20220213,2022-02-13,2022,2,February,1,13,Sunday,1
20220214,2022-02-14,2022,2,February,1,14,Monday,0
20220215,2022-02-15,2022,2,February,1,15,Tuesday,0
20220216,2022-02-16,2022,2,February,1,16,Wednesday,0
20220218,2022-02-18,2022,2,February,1,18,Friday,0
20220220,2022-02-20,2022,2,February,1,20,Sunday,1
20220221,2022-02-21,2022,2,February,1,21,Monday,0
20220222,2022-02-22,2022,2,February,1,22,Tuesday,0
20220223,2022-02-23,2022,2,February,1,23,Wednesday,0
20220224,2022-02-24,2022,2,February,1,24,Thursday,0
20220225,2022-02-25,2022,2,February,1,25,Friday,0
20220226,2022-02-26,2022,2,February,1,26,Saturday,1
20220227,2022-02-27,2022,2,February,1,27,Sunday,1
20220228,2022-02-28,2022,2,February,1,28,Monday,0
20220301,2022-03-01,2022,3,March,1,1,Tuesday,0
20220302,2022-03-02,2022,3,March,1,2,Wednesday,0
20220303,2022-03-03,2022,3,March,1,3,Thursday,0
20220304,2022-03-04,2022,3,March,1,4,Friday,0
20220305,2022-03-05,2022,3,March,1,5,Saturday,1
20220307,2022-03-07,2022,3,March,1,7,Monday,0
20220308,2022-03-08,2022,3,March,1,8,Tuesday,0
20220309,2022-03-09,2022,3,March,1,9,Wednesday,0
20220310,2022-03-10,2022,3,March,1,10,Thursday,0
20220311,2022-03-11,2022,3,March,1,11,Friday,0
20220312,2022-03-12,2022,3,March,1,12,Saturday,1
20220313,2022-03-13,2022,3,March,1,13,Sunday,1
20220315,2022-03-15,2022,3,March,1,15,Tuesday,0
20220319,2022-03-19,2022,3,March,1,19,Saturday,1
20220324,2022-03-24,2022,3,March,1,24,Thursday,0
20220327,2022-03-27,2022,3,March,1,27,Sunday,1
20220328,2022-03-28,2022,3,March,1,28,Monday,0
20220329,2022-03-29,2022,3,March,1,29,Tuesday,0
20220401,2022-04-01,2022,4,April,2,1,Friday,0
20220402,2022-04-02,2022,4,April,2,2,Saturday,1
20220403,2022-04-03,2022,4,April,2,3,Sunday,1
20220405,2022-04-05,2022,4,April,2,5,Tuesday,0
20220406,2022-04-06,2022,4,April,2,6,Wednesday,0
20220407,2022-04-07,2022,4,April,2,7,Thursday,0
20220409,2022-04-09,2022,4,April,2,9,Saturday,1
20220410,2022-04-10,2022,4,April,2,10,Sunday,1
20220411,2022-04-11,2022,4,April,2,11,Monday,0
20220414,2022-04-14,2022,4,April,2,14,Thursday,0
20220415,2022-04-15,2022,4,April,2,15,Friday,0
20220416,2022-04-16,2022,4,April,2,16,Saturday,1
20220418,2022-04-18,2022,4,April,2,18,Monday,0
20220421,2022-04-21,2022,4,April,2,21,Thursday,0
20220423,2022-04-23,2022,4,April,2,23,Saturday,1
20220424,2022-04-24,2022,4,April,2,24,Sunday,1
20220426,2022-04-26,2022,4,April,2,26,Tuesday,0
20220427,2022-04-27,2022,4,April,2,27,Wednesday,0
20220428,2022-04-28,2022,4,April,2,28,Thursday,0
20220429,2022-04-29,2022,4,April,2,29,Friday,0
20220430,2022-04-30,2022,4,April,2,30,Saturday,1
20220501,2022-05-01,2022,5,May,2,1,Sunday,1
20220502,2022-05-02,2022,5,May,2,2,Monday,0
20220503,2022-05-03,2022,5,May,2,3,Tuesday,0
20220505,2022-05-05,2022,5,May,2,5,Thursday,0
20220507,2022-05-07,2022,5,May,2,7,Saturday,1
20220511,2022-05-11,2022,5,May,2,11,Wednesday,0
20220515,2022-05-15,2022,5,May,2,15,Sunday,1
20220516,2022-05-16,2022,5,May,2,16,Monday,0
20220518,2022-05-18,2022,5,May,2,18,Wednesday,0
20220520,2022-05-20,2022,5,May,2,20,Friday,0
20220521,2022-05-21,2022,5,May,2,21,Saturday,1
20220522,2022-05-22,2022,5,May,2,22,Sunday,1
20220526,2022-05-26,2022,5,May,2,26,Thursday,0
20220529,2022-05-29,2022,5,May,2,29,Sunday,1
20220602,2022-06-02,2022,6,June,2,2,Thursday,0
20220603,2022-06-03,2022,6,June,2,3,Friday,0
20220604,2022-06-04,2022,6,June,2,4,Saturday,1
20220606,2022-06-06,2022,6,June,2,6,Monday,0
20220607,2022-06-07,2022,6,June,2,7,Tuesday,0
20220611,2022-06-11,2022,6,June,2,11,Saturday,1
20220612,2022-06-12,2022,6,June,2,12,Sunday,1
20220614,2022-06-14,2022,6,June,2,14,Tuesday,0
20220616,2022-06-16,2022,6,June,2,16,Thursday,0
20220617,2022-06-17,2022,6,June,2,17,Friday,0
20220618,2022-06-18,2022,6,June,2,18,Saturday,1
20220619,2022-06-19,2022,6,June,2,19,Sunday,1
20220620,2022-06-20,2022,6,June,2,20,Monday,0
20220621,2022-06-21,2022,6,June,2,21,Tuesday,0
20220625,2022-06-25,2022,6,June,2,25,Saturday,1
20220628,2022-06-28,2022,6,June,2,28,Tuesday,0
20220629,2022-06-29,2022,6,June,2,29,Wednesday,0
20220630,2022-06-30,2022,6,June,2,30,Thursday,0
20220701,2022-07-01,2022,7,July,3,1,Friday,0
20220702,2022-07-02,2022,7,July,3,2,Saturday,1
20220704,2022-07-04,2022,7,July,3,4,Monday,0
20220705,2022-07-05,2022,7,July,3,5,Tuesday,0
20220707,2022-07-07,2022,7,July,3,7,Thursday,0
20220708,2022-07-08,2022,7,July,3,8,Friday,0
20220710,2022-07-10,2022,7,July,3,10,Sunday,1
20220711,2022-07-11,2022,7,July,3,11,Monday,0
20220712,2022-07-12,2022,7,July,3,12,Tuesday,0
20220714,2022-07-14,2022,7,July,3,14,Thursday,0
20220715,2022-07-15,2022,7,July,3,15,Friday,0
20220717,2022-07-17,2022,7,July,3,17,Sunday,1
20220718,2022-07-18,2022,7,July,3,18,Monday,0
20220719,2022-07-19,2022,7,July,3,19,Tuesday,0
20220720,2022-07-20,2022,7,July,3,20,Wednesday,0
20220721,2022-07-21,2022,7,July,3,21,Thursday,0
20220723,2022-07-23,2022,7,July,3,23,Saturday,1
20220724,2022-07-24,2022,7,July,3,24,Sunday,1
20220726,2022-07-26,2022,7,July,3,26,Tuesday,0
20220727,2022-07-27,2022,7,July,3,27,Wednesday,0
20220728,2022-07-28,2022,7,July,3,28,Thursday,0
20220730,2022-07-30,2022,7,July,3,30,Saturday,1
20220731,2022-07-31,2022,7,July,3,31,Sunday,1
20220802,2022-08-02,2022,8,August,3,2,Tuesday,0
20220803,2022-08-03,2022,8,August,3,3,Wednesday,0
20220804,2022-08-04,2022,8,August,3,4,Thursday,0
20220805,2022-08-05,2022,8,August,3,5,Friday,0
20220807,2022-08-07,2022,8,August,3,7,Sunday,1
20220808,2022-08-08,2022,8,August,3,8,Monday,0
20220809,2022-08-09,2022,8,August,3,9,Tuesday,0
20220810,2022-08-10,2022,8,August,3,10,Wednesday,0
20220811,2022-08-11,2022,8,August,3,11,Thursday,0
20220812,2022-08-12,2022,8,August,3,12,Friday,0
20220813,2022-08-13,2022,8,August,3,13,Saturday,1
20220814,2022-08-14,2022,8,August,3,14,Sunday,1
20220815,2022-08-15,2022,8,August,3,15,Monday,0
20220816,2022-08-16,2022,8,August,3,16,Tuesday,0
20220817,2022-08-17,2022,8,August,3,17,Wednesday,0
20220818,2022-08-18,2022,8,August,3,18,Thursday,0
20220819,2022-08-19,2022,8,August,3,19,Friday,0
20220820,2022-08-20,2022,8,August,3,20,Saturday,1
20220821,2022-08-21,2022,8,August,3,21,Sunday,1
20220822,2022-08-22,2022,8,August,3,22,Monday,0
20220824,2022-08-24,2022,8,August,3,24,Wednesday,0
20220825,2022-08-25,2022,8,August,3,25,Thursday,0
20220828,2022-08-28,2022,8,August,3,28,Sunday,1
20220829,2022-08-29,2022,8,August,3,29,Monday,0
20220830,2022-08-30,2022,8,August,3,30,Tuesday,0
20220831,2022-08-31,2022,8,August,3,31,Wednesday,0
20220901,2022-09-01,2022,9,September,3,1,Thursday,0
20220902,2022-09-02,2022,9,September,3,2,Friday,0
20220903,2022-09-03,2022,9,September,3,3,Saturday,1
20220904,2022-09-04,2022,9,September,3,4,Sunday,1
20220908,2022-09-08,2022,9,September,3,8,Thursday,0
20220911,2022-09-11,2022,9,September,3,11,Sunday,1
20220912,2022-09-12,2022,9,September,3,12,Monday,0
20220914,2022-09-14,2022,9,September,3,14,Wednesday,0
20220915,2022-09-15,2022,9,September,3,15,Thursday,0
20220917,2022-09-17,2022,9,September,3,17,Saturday,1
20220919,2022-09-19,2022,9,September,3,19,Monday,0
20220920,2022-09-20,2022,9,September,3,20,Tuesday,0
20220923,2022-09-23,2022,9,September,3,23,Friday,0
20220925,2022-09-25,2022,9,September,3,25,Sunday,1
20220928,2022-09-28,2022,9,September,3,28,Wednesday,0
20220929,2022-09-29,2022,9,September,3,29,Thursday,0
20220930,2022-09-30,2022,9,September,3,30,Friday,0
20221001,2022-10-01,2022,10,October,4,1,Saturday,1
20221002,2022-10-02,2022,10,October,4,2,Sunday,1
20221003,2022-10-03,2022,10,October,4,3,Monday,0
20221004,2022-10-04,2022,10,October,4,4,Tuesday,0
20221005,2022-10-05,2022,10,October,4,5,Wednesday,0
20221006,2022-10-06,2022,10,October,4,6,Thursday,0
20221007,2022-10-07,2022,10,October,4,7,Friday,0
20221008,2022-10-08,2022,10,October,4,8,Saturday,1
20221009,2022-10-09,2022,10,October,4,9,Sunday,1
20221010,2022-10-10,2022,10,October,4,10,Monday,0
20221012,2022-10-12,2022,10,October,4,12,Wednesday,0
20221013,2022-10-13,2022,10,October,4,13,Thursday,0
20221014,2022-10-14,2022,10,October,4,14,Friday,0
20221015,2022-10-15,2022,10,October,4,15,Saturday,1
20221018,2022-10-18,2022,10,October,4,18,Tuesday,0
20221019,2022-10-19,2022,10,October,4,19,Wednesday,0
20221020,2022-10-20,2022,10,October,4,20,Thursday,0
20221021,2022-10-21,2022,10,October,4,21,Friday,0
20221023,2022-10-23,2022,10,October,4,23,Sunday,1
20221024,2022-10-24,2022,10,October,4,24,Monday,0
20221025,2022-10-25,2022,10,October,4,25,Tuesday,0
20221026,2022-10-26,2022,10,October,4,26,Wednesday,0
20221027,2022-10-27,2022,10,October,4,27,Thursday,0
20221030,2022-10-30,2022,10,October,4,30,Sunday,1
20221031,2022-10-31,2022,10,October,4,31,Monday,0
20221101,2022-11-01,2022,11,November,4,1,Tuesday,0
20221103,2022-11-03,2022,11,November,4,3,Thursday,0
20221104,2022-11-04,2022,11,November,4,4,Friday,0
20221106,2022-11-06,2022,11,November,4,6,Sunday,1
20221109,2022-11-09,2022,11,November,4,9,Wednesday,0
20221113,2022-11-13,2022,11,November,4,13,Sunday,1
20221117,2022-11-17,2022,11,November,4,17,Thursday,0
20221118,2022-11-18,2022,11,November,4,18,Friday,0
20221120,2022-11-20,2022,11,November,4,20,Sunday,1
20221122,2022-11-22,2022,11,November,4,22,Tuesday,0
20221123,2022-11-23,2022,11,November,4,23,Wednesday,0
20221125,2022-11-25,2022,11,November,4,25,Friday,0
20221126,2022-11-26,2022,11,November,4,26,Saturday,1
20221128,2022-11-28,2022,11,November,4,28,Monday,0
20221130,2022-11-30,2022,11,November,4,30,Wednesday,0
20221203,2022-12-03,2022,12,December,4,3,Saturday,1
20221205,2022-12-05,2022,12,December,4,5,Monday,0
20221208,2022-12-08,2022,12,December,4,8,Thursday,0
20221209,2022-12-09,2022,12,December,4,9,Friday,0
20221210,2022-12-10,2022,12,December,4,10,Saturday,1
20221211,2022-12-11,2022,12,December,4,11,Sunday,1
20221212,2022-12-12,2022,12,December,4,12,Monday,0
20221215,2022-12-15,2022,12,December,4,15,Thursday,0
20221216,2022-12-16,2022,12,December,4,16,Friday,0
20221217,2022-12-17,2022,12,December,4,17,Saturday,1
20221219,2022-12-19,2022,12,December,4,19,Monday,0
20221220,2022-12-20,2022,12,December,4,20,Tuesday,0
20221221,2022-12-21,2022,12,December,4,21,Wednesday,0
20221222,2022-12-22,2022,12,December,4,22,Thursday,0
20221223,2022-12-23,2022,12,December,4,23,Friday,0
20221224,2022-12-24,2022,12,December,4,24,Saturday,1
20221225,2022-12-25,2022,12,December,4,25,Sunday,1
20221227,2022-12-27,2022,12,December,4,27,Tuesday,0
20221230,2022-12-30,2022,12,December,4,30,Friday,0
20221231,2022-12-31,2022,12,December,4,31,Saturday,1
20230101,2023-01-01,2023,1,January,1,1,Sunday,1
20230105,2023-01-05,2023,1,January,1,5,Thursday,0
20230107,2023-01-07,2023,1,January,1,7,Saturday,1
20230108,2023-01-08,2023,1,January,1,8,Sunday,1
20230109,2023-01-09,2023,1,January,1,9,Monday,0
20230112,2023-01-12,2023,1,January,1,12,Thursday,0
20230114,2023-01-14,2023,1,January,1,14,Saturday,1
20230118,2023-01-18,2023,1,January,1,18,Wednesday,0
20230119,2023-01-19,2023,1,January,1,19,Thursday,0
20230120,2023-01-20,2023,1,January,1,20,Friday,0
20230122,2023-01-22,2023,1,January,1,22,Sunday,1
20230123,2023-01-23,2023,1,January,1,23,Monday,0
20230124,2023-01-24,2023,1,January,1,24,Tuesday,0
20230126,2023-01-26,2023,1,January,1,26,Thursday,0
20230127,2023-01-27,2023,1,January,1,27,Friday,0
20230128,2023-01-28,2023,1,January,1,28,Saturday,1
20230129,2023-01-29,2023,1,January,1,29,Sunday,1
20230130,2023-01-30,2023,1,January,1,30,Monday,0
20230202,2023-02-02,2023,2,February,1,2,Thursday,0
20230203,2023-02-03,2023,2,February,1,3,Friday,0
20230204,2023-02-04,2023,2,February,1,4,Saturday,1
20230206,2023-02-06,2023,2,February,1,6,Monday,0
20230207,2023-02-07,2023,2,February,1,7,Tuesday,0
20230208,2023-02-08,2023,2,February,1,8,Wednesday,0
20230209,2023-02-09,2023,2,February,1,9,Thursday,0
20230210,2023-02-10,2023,2,February,1,10,Friday,0
20230212,2023-02-12,2023,2,February,1,12,Sunday,1
20230213,2023-02-13,2023,2,February,1,13,Monday,0
20230214,2023-02-14,2023,2,February,1,14,Tuesday,0
20230215,2023-02-15,2023,2,February,1,15,Wednesday,0
20230217,2023-02-17,2023,2,February,1,17,Friday,0
20230218,2023-02-18,2023,2,February,1,18,Saturday,1
20230220,2023-02-20,2023,2,February,1,20,Monday,0
20230223,2023-02-23,2023,2,February,1,23,Thursday,0
20230224,2023-02-24,2023,2,February,1,24,Friday,0
20230225,2023-02-25,2023,2,February,1,25,Saturday,1
20230226,2023-02-26,2023,2,February,1,26,Sunday,1
20230227,2023-02-27,2023,2,February,1,27,Monday,0
20230228,2023-02-28,2023,2,February,1,28,Tuesday,0
20230301,2023-03-01,2023,3,March,1,1,Wednesday,0
20230302,2023-03-02,2023,3,March,1,2,Thursday,0
20230303,2023-03-03,2023,3,March,1,3,Friday,0
20230304,2023-03-04,2023,3,March,1,4,Saturday,1
20230305,2023-03-05,2023,3,March,1,5,Sunday,1
20230307,2023-03-07,2023,3,March,1,7,Tuesday,0
20230308,2023-03-08,2023,3,March,1,8,Wednesday,0
20230309,2023-03-09,2023,3,March,1,9,Thursday,0
20230312,2023-03-12,2023,3,March,1,12,Sunday,1
20230313,2023-03-13,2023,3,March,1,13,Monday,0
20230314,2023-03-14,2023,3,March,1,14,Tuesday,0
20230315,2023-03-15,2023,3,March,1,15,Wednesday,0
20230316,2023-03-16,2023,3,March,1,16,Thursday,0
20230317,2023-03-17,2023,3,March,1,17,Friday,0
20230319,2023-03-19,2023,3,March,1,19,Sunday,1
20230321,2023-03-21,2023,3,March,1,21,Tuesday,0
20230323,2023-03-23,2023,3,March,1,23,Thursday,0
20230326,2023-03-26,2023,3,March,1,26,Sunday,1
20230329,2023-03-29,2023,3,March,1,29,Wednesday,0
20230330,2023-03-30,2023,3,March,1,30,Thursday,0
20230331,2023-03-31,2023,3,March,1,31,Friday,0
20230401,2023-04-01,2023,4,April,2,1,Saturday,1
20230402,2023-04-02,2023,4,April,2,2,Sunday,1
20230403,2023-04-03,2023,4,April,2,3,Monday,0
20230404,2023-04-04,2023,4,April,2,4,Tuesday,0
20230406,2023-04-06,2023,4,April,2,6,Thursday,0
20230407,2023-04-07,2023,4,April,2,7,Friday,0
20230409,2023-04-09,2023,4,April,2,9,Sunday,1
20230410,2023-04-10,2023,4,April,2,10,Monday,0
20230411,2023-04-11,2023,4,April,2,11,Tuesday,0
20230413,2023-04-13,2023,4,April,2,13,Thursday,0
20230415,2023-04-15,2023,4,April,2,15,Saturday,1
20230416,2023-04-16,2023,4,April,2,16,Sunday,1
20230419,2023-04-19,2023,4,April,2,19,Wednesday,0
20230421,2023-04-21,2023,4,April,2,21,Friday,0
20230422,2023-04-22,2023,4,April,2,22,Saturday,1
20230423,2023-04-23,2023,4,April,2,23,Sunday,1
20230424,2023-04-24,2023,4,April,2,24,Monday,0
20230427,2023-04-27,2023,4,April,2,27,Thursday,0
20230428,2023-04-28,2023,4,April,2,28,Friday,0
20230429,2023-04-29,2023,4,April,2,29,Saturday,1
20230430,2023-04-30,2023,4,April,2,30,Sunday,1
20230501,2023-05-01,2023,5,May,2,1,Monday,0
20230502,2023-05-02,2023,5,May,2,2,Tuesday,0
20230504,2023-05-04,2023,5,May,2,4,Thursday,0
20230505,2023-05-05,2023,5,May,2,5,Friday,0
20230506,2023-05-06,2023,5,May,2,6,Saturday,1
20230508,2023-05-08,2023,5,May,2,8,Monday,0
20230509,2023-05-09,2023,5,May,2,9,Tuesday,0
20230510,2023-05-10,2023,5,May,2,10,Wednesday,0
20230511,2023-05-11,2023,5,May,2,11,Thursday,0
20230512,2023-05-12,2023,5,May,2,12,Friday,0
20230514,2023-05-14,2023,5,May,2,14,Sunday,1
20230515,2023-05-15,2023,5,May,2,15,Monday,0
20230516,2023-05-16,2023,5,May,2,16,Tuesday,0
20230520,2023-05-20,2023,5,May,2,20,Saturday,1
20230521,2023-05-21,2023,5,May,2,21,Sunday,1
20230523,2023-05-23,2023,5,May,2,23,Tuesday,0
20230524,2023-05-24,2023,5,May,2,24,Wednesday,0
20230526,2023-05-26,2023,5,May,2,26,Friday,0
20230527,2023-05-27,2023,5,May,2,27,Saturday,1
20230528,2023-05-28,2023,5,May,2,28,Sunday,1
20230529,2023-05-29,2023,5,May,2,29,Monday,0
20230531,2023-05-31,2023,5,May,2,31,Wednesday,0
20230601,2023-06-01,2023,6,June,2,1,Thursday,0
20230602,2023-06-02,2023,6,June,2,2,Friday,0
20230603,2023-06-03,2023,6,June,2,3,Saturday,1
20230604,2023-06-04,2023,6,June,2,4,Sunday,1
20230605,2023-06-05,2023,6,June,2,5,Monday,0
20230606,2023-06-06,2023,6,June,2,6,Tuesday,0
20230607,2023-06-07,2023,6,June,2,7,Wednesday,0
20230609,2023-06-09,2023,6,June,2,9,Friday,0
20230614,2023-06-14,2023,6,June,2,14,Wednesday,0
20230616,2023-06-16,2023,6,June,2,16,Friday,0
20230617,2023-06-17,2023,6,June,2,17,Saturday,1
20230619,2023-06-19,2023,6,June,2,19,Monday,0
20230620,2023-06-20,2023,6,June,2,20,Tuesday,0
20230622,2023-06-22,2023,6,June,2,22,Thursday,0
20230623,2023-06-23,2023,6,June,2,23,Friday,0
20230624,2023-06-24,2023,6,June,2,24,Saturday,1
20230626,2023-06-26,2023,6,June,2,26,Monday,0
20230628,2023-06-28,2023,6,June,2,28,Wednesday,0
20230630,2023-06-30,2023,6,June,2,30,Friday,0
20230703,2023-07-03,2023,7,July,3,3,Monday,0
20230704,2023-07-04,2023,7,July,3,4,Tuesday,0
20230705,2023-07-05,2023,7,July,3,5,Wednesday,0
20230706,2023-07-06,2023,7,July,3,6,Thursday,0
20230707,2023-07-07,2023,7,July,3,7,Friday,0
20230708,2023-07-08,2023,7,July,3,8,Saturday,1
20230710,2023-07-10,2023,7,July,3,10,Monday,0
20230712,2023-07-12,2023,7,July,3,12,Wednesday,0
20230713,2023-07-13,2023,7,July,3,13,Thursday,0
20230714,2023-07-14,2023,7,July,3,14,Friday,0
20230719,2023-07-19,2023,7,July,3,19,Wednesday,0
20230722,2023-07-22,2023,7,July,3,22,Saturday,1
20230723,2023-07-23,2023,7,July,3,23,Sunday,1
20230724,2023-07-24,2023,7,July,3,24,Monday,0
20230725,2023-07-25,2023,7,July,3,25,Tuesday,0
20230729,2023-07-29,2023,7,July,3,29,Saturday,1
20230802,2023-08-02,2023,8,August,3,2,Wednesday,0
20230803,2023-08-03,2023,8,August,3,3,Thursday,0
20230804,2023-08-04,2023,8,August,3,4,Friday,0
20230806,2023-08-06,2023,8,August,3,6,Sunday,1
20230808,2023-08-08,2023,8,August,3,8,Tuesday,0
20230810,2023-08-10,2023,8,August,3,10,Thursday,0
20230813,2023-08-13,2023,8,August,3,13,Sunday,1
20230815,2023-08-15,2023,8,August,3,15,Tuesday,0
20230817,2023-08-17,2023,8,August,3,17,Thursday,0
20230818,2023-08-18,2023,8,August,3,18,Friday,0
20230819,2023-08-19,2023,8,August,3,19,Saturday,1
20230820,2023-08-20,2023,8,August,3,20,Sunday,1
20230821,2023-08-21,2023,8,August,3,21,Monday,0
20230824,2023-08-24,2023,8,August,3,24,Thursday,0
20230826,2023-08-26,2023,8,August,3,26,Saturday,1
20230828,2023-08-28,2023,8,August,3,28,Monday,0
20230829,2023-08-29,2023,8,August,3,29,Tuesday,0
20230830,2023-08-30,2023,8,August,3,30,Wednesday,0
20230901,2023-09-01,2023,9,September,3,1,Friday,0
20230905,2023-09-05,2023,9,September,3,5,Tuesday,0
20230906,2023-09-06,2023,9,September,3,6,Wednesday,0
20230910,2023-09-10,2023,9,September,3,10,Sunday,1
20230913,2023-09-13,2023,9,September,3,13,Wednesday,0
20230914,2023-09-14,2023,9,September,3,14,Thursday,0
20230915,2023-09-15,2023,9,September,3,15,Friday,0
20230916,2023-09-16,2023,9,September,3,16,Saturday,1
20230917,2023-09-17,2023,9,September,3,17,Sunday,1
20230918,2023-09-18,2023,9,September,3,18,Monday,0
20230919,2023-09-19,2023,9,September,3,19,Tuesday,0
20230920,2023-09-20,2023,9,September,3,20,Wednesday,0
20230921,2023-09-21,2023,9,September,3,21,Thursday,0
20230922,2023-09-22,2023,9,September,3,22,Friday,0
20230923,2023-09-23,2023,9,September,3,23,Saturday,1
20230924,2023-09-24,2023,9,September,3,24,Sunday,1
20230925,2023-09-25,2023,9,September,3,25,Monday,0
20230926,2023-09-26,2023,9,September,3,26,Tuesday,0
20230927,2023-09-27,2023,9,September,3,27,Wednesday,0
20230928,2023-09-28,2023,9,September,3,28,Thursday,0
20230930,2023-09-30,2023,9,September,3,30,Saturday,1
20231001,2023-10-01,2023,10,October,4,1,Sunday,1
20231003,2023-10-03,2023,10,October,4,3,Tuesday,0
20231004,2023-10-04,2023,10,October,4,4,Wednesday,0
20231006,2023-10-06,2023,10,October,4,6,Friday,0
20231008,2023-10-08,2023,10,October,4,8,Sunday,1
20231009,2023-10-09,2023,10,October,4,9,Monday,0
20231010,2023-10-10,2023,10,October,4,10,Tuesday,0
20231011,2023-10-11,2023,10,October,4,11,Wednesday,0
20231013,2023-10-13,2023,10,October,4,13,Friday,0
20231017,2023-10-17,2023,10,October,4,17,Tuesday,0
20231018,2023-10-18,2023,10,October,4,18,Wednesday,0
20231019,2023-10-19,2023,10,October,4,19,Thursday,0
20231020,2023-10-20,2023,10,October,4,20,Friday,0
20231021,2023-10-21,2023,10,October,4,21,Saturday,1
20231022,2023-10-22,2023,10,October,4,22,Sunday,1
20231023,2023-10-23,2023,10,October,4,23,Monday,0
20231025,2023-10-25,2023,10,October,4,25,Wednesday,0
20231026,2023-10-26,2023,10,October,4,26,Thursday,0
20231028,2023-10-28,2023,10,October,4,28,Saturday,1
20231029,2023-10-29,2023,10,October,4,29,Sunday,1
20231030,2023-10-30,2023,10,October,4,30,Monday,0
20231102,2023-11-02,2023,11,November,4,2,Thursday,0
20231103,2023-11-03,2023,11,November,4,3,Friday,0
20231104,2023-11-04,2023,11,November,4,4,Saturday,1
20231105,2023-11-05,2023,11,November,4,5,Sunday,1
20231106,2023-11-06,2023,11,November,4,6,Monday,0
20231107,2023-11-07,2023,11,November,4,7,Tuesday,0
20231108,2023-11-08,2023,11,November,4,8,Wednesday,0
20231109,2023-11-09,2023,11,November,4,9,Thursday,0
20231110,2023-11-10,2023,11,November,4,10,Friday,0
20231111,2023-11-11,2023,11,November,4,11,Saturday,1
20231113,2023-11-13,2023,11,November,4,13,Monday,0
20231114,2023-11-14,2023,11,November,4,14,Tuesday,0
20231116,2023-11-16,2023,11,November,4,16,Thursday,0
20231117,2023-11-17,2023,11,November,4,17,Friday,0
20231118,2023-11-18,2023,11,November,4,18,Saturday,1
20231119,2023-11-19,2023,11,November,4,19,Sunday,1
20231120,2023-11-20,2023,11,November,4,20,Monday,0
20231122,2023-11-22,2023,11,November,4,22,Wednesday,0
20231123,2023-11-23,2023,11,November,4,23,Thursday,0
20231124,2023-11-24,2023,11,November,4,24,Friday,0
20231125,2023-11-25,2023,11,November,4,25,Saturday,1
20231127,2023-11-27,2023,11,November,4,27,Monday,0
20231128,2023-11-28,2023,11,November,4,28,Tuesday,0
20231129,2023-11-29,2023,11,November,4,29,Wednesday,0
20231203,2023-12-03,2023,12,December,4,3,Sunday,1
20231205,2023-12-05,2023,12,December,4,5,Tuesday,0
20231209,2023-12-09,2023,12,December,4,9,Saturday,1
20231210,2023-12-10,2023,12,December,4,10,Sunday,1
20231211,2023-12-11,2023,12,December,4,11,Monday,0
20231212,2023-12-12,2023,12,December,4,12,Tuesday,0
20231215,2023-12-15,2023,12,December,4,15,Friday,0
20231216,2023-12-16,2023,12,December,4,16,Saturday,1
20231217,2023-12-17,2023,12,December,4,17,Sunday,1
20231219,2023-12-19,2023,12,December,4,19,Tuesday,0
20231221,2023-12-21,2023,12,December,4,21,Thursday,0
20231222,2023-12-22,2023,12,December,4,22,Friday,0
20231223,2023-12-23,2023,12,December,4,23,Saturday,1
20231225,2023-12-25,2023,12,December,4,25,Monday,0
20231226,2023-12-26,2023,12,December,4,26,Tuesday,0
20231227,2023-12-27,2023,12,December,4,27,Wednesday,0
20231230,2023-12-30,2023,12,December,4,30,Saturday,1
20240102,2024-01-02,2024,1,January,1,2,Tuesday,0
20240103,2024-01-03,2024,1,January,1,3,Wednesday,0
20240104,2024-01-04,2024,1,January,1,4,Thursday,0
20240105,2024-01-05,2024,1,January,1,5,Friday,0
20240106,2024-01-06,2024,1,January,1,6,Saturday,1
20240107,2024-01-07,2024,1,January,1,7,Sunday,1
20240108,2024-01-08,2024,1,January,1,8,Monday,0
20240109,2024-01-09,2024,1,January,1,9,Tuesday,0
20240110,2024-01-10,2024,1,January,1,10,Wednesday,0
20240111,2024-01-11,2024,1,January,1,11,Thursday,0
20240112,2024-01-12,2024,1,January,1,12,Friday,0
20240116,2024-01-16,2024,1,January,1,16,Tuesday,0
20240117,2024-01-17,2024,1,January,1,17,Wednesday,0
20240118,2024-01-18,2024,1,January,1,18,Thursday,0
20240119,2024-01-19,2024,1,January,1,19,Friday,0
20240120,2024-01-20,2024,1,January,1,20,Saturday,1
20240121,2024-01-21,2024,1,January,1,21,Sunday,1
20240123,2024-01-23,2024,1,January,1,23,Tuesday,0
20240124,2024-01-24,2024,1,January,1,24,Wednesday,0
20240125,2024-01-25,2024,1,January,1,25,Thursday,0
20240126,2024-01-26,2024,1,January,1,26,Friday,0
20240128,2024-01-28,2024,1,January,1,28,Sunday,1
20240129,2024-01-29,2024,1,January,1,29,Monday,0
20240130,2024-01-30,2024,1,January,1,30,Tuesday,0
20240131,2024-01-31,2024,1,January,1,31,Wednesday,0
20240201,2024-02-01,2024,2,February,1,1,Thursday,0
20240203,2024-02-03,2024,2,February,1,3,Saturday,1
20240204,2024-02-04,2024,2,February,1,4,Sunday,1
20240206,2024-02-06,2024,2,February,1,6,Tuesday,0
20240207,2024-02-07,2024,2,February,1,7,Wednesday,0
20240208,2024-02-08,2024,2,February,1,8,Thursday,0
20240209,2024-02-09,2024,2,February,1,9,Friday,0
20240210,2024-02-10,2024,2,February,1,10,Saturday,1
20240211,2024-02-11,2024,2,February,1,11,Sunday,1
20240212,2024-02-12,2024,2,February,1,12,Monday,0
20240214,2024-02-14,2024,2,February,1,14,Wednesday,0
20240215,2024-02-15,2024,2,February,1,15,Thursday,0
20240216,2024-02-16,2024,2,February,1,16,Friday,0
20240217,2024-02-17,2024,2,February,1,17,Saturday,1
20240218,2024-02-18,2024,2,February,1,18,Sunday,1
20240219,2024-02-19,2024,2,February,1,19,Monday,0
20240220,2024-02-20,2024,2,February,1,20,Tuesday,0
20240221,2024-02-21,2024,2,February,1,21,Wednesday,0
20240223,2024-02-23,2024,2,February,1,23,Friday,0
20240224,2024-02-24,2024,2,February,1,24,Saturday,1
20240225,2024-02-25,2024,2,February,1,25,Sunday,1
20240226,2024-02-26,2024,2,February,1,26,Monday,0
20240229,2024-02-29,2024,2,February,1,29,Thursday,0
20240301,2024-03-01,2024,3,March,1,1,Friday,0
20240303,2024-03-03,2024,3,March,1,3,Sunday,1
20240304,2024-03-04,2024,3,March,1,4,Monday,0
20240307,2024-03-07,2024,3,March,1,7,Thursday,0
20240308,2024-03-08,2024,3,March,1,8,Friday,0
20240310,2024-03-10,2024,3,March,1,10,Sunday,1
20240311,2024-03-11,2024,3,March,1,11,Monday,0
20240312,2024-03-12,2024,3,March,1,12,Tuesday,0
20240313,2024-03-13,2024,3,March,1,13,Wednesday,0
20240314,2024-03-14,2024,3,March,1,14,Thursday,0
20240315,2024-03-15,2024,3,March,1,15,Friday,0
20240317,2024-03-17,2024,3,March,1,17,Sunday,1
20240318,2024-03-18,2024,3,March,1,18,Monday,0
20240319,2024-03-19,2024,3,March,1,19,Tuesday,0
20240320,2024-03-20,2024,3,March,1,20,Wednesday,0
20240321,2024-03-21,2024,3,March,1,21,Thursday,0
20240323,2024-03-23,2024,3,March,1,23,Saturday,1
20240325,2024-03-25,2024,3,March,1,25,Monday,0
20240326,2024-03-26,2024,3,March,1,26,Tuesday,0
20240328,2024-03-28,2024,3,March,1,28,Thursday,0
20240330,2024-03-30,2024,3,March,1,30,Saturday,1
20240403,2024-04-03,2024,4,April,2,3,Wednesday,0
20240405,2024-04-05,2024,4,April,2,5,Friday,0
20240406,2024-04-06,2024,4,April,2,6,Saturday,1
20240408,2024-04-08,2024,4,April,2,8,Monday,0
20240409,2024-04-09,2024,4,April,2,9,Tuesday,0
20240410,2024-04-10,2024,4,April,2,10,Wednesday,0
20240411,2024-04-11,2024,4,April,2,11,Thursday,0
20240412,2024-04-12,2024,4,April,2,12,Friday,0
20240417,2024-04-17,2024,4,April,2,17,Wednesday,0
20240418,2024-04-18,2024,4,April,2,18,Thursday,0
20240419,2024-04-19,2024,4,April,2,19,Friday,0
20240420,2024-04-20,2024,4,April,2,20,Saturday,1
20240423,2024-04-23,2024,4,April,2,23,Tuesday,0
20240425,2024-04-25,2024,4,April,2,25,Thursday,0
20240426,2024-04-26,2024,4,April,2,26,Friday,0
20240429,2024-04-29,2024,4,April,2,29,Monday,0
20240430,2024-04-30,2024,4,April,2,30,Tuesday,0
20240501,2024-05-01,2024,5,May,2,1,Wednesday,0
20240502,2024-05-02,2024,5,May,2,2,Thursday,0
20240503,2024-05-03,2024,5,May,2,3,Friday,0
20240504,2024-05-04,2024,5,May,2,4,Saturday,1
20240506,2024-05-06,2024,5,May,2,6,Monday,0
20240507,2024-05-07,2024,5,May,2,7,Tuesday,0
20240508,2024-05-08,2024,5,May,2,8,Wednesday,0
20240512,2024-05-12,2024,5,May,2,12,Sunday,1
20240513,2024-05-13,2024,5,May,2,13,Monday,0
20240514,2024-05-14,2024,5,May,2,14,Tuesday,0
20240515,2024-05-15,2024,5,May,2,15,Wednesday,0
20240518,2024-05-18,2024,5,May,2,18,Saturday,1
20240520,2024-05-20,2024,5,May,2,20,Monday,0
20240521,2024-05-21,2024,5,May,2,21,Tuesday,0
20240522,2024-05-22,2024,5,May,2,22,Wednesday,0
20240523,2024-05-23,2024,5,May,2,23,Thursday,0
20240524,2024-05-24,2024,5,May,2,24,Friday,0
20240525,2024-05-25,2024,5,May,2,25,Saturday,1
20240526,2024-05-26,2024,5,May,2,26,Sunday,1
20240528,2024-05-28,2024,5,May,2,28,Tuesday,0
20240601,2024-06-01,2024,6,June,2,1,Saturday,1
20240603,2024-06-03,2024,6,June,2,3,Monday,0
20240604,2024-06-04,2024,6,June,2,4,Tuesday,0
20240605,2024-06-05,2024,6,June,2,5,Wednesday,0
20240606,2024-06-06,2024,6,June,2,6,Thursday,0
20240610,2024-06-10,2024,6,June,2,10,Monday,0
20240611,2024-06-11,2024,6,June,2,11,Tuesday,0
20240612,2024-06-12,2024,6,June,2,12,Wednesday,0
20240614,2024-06-14,2024,6,June,2,14,Friday,0
20240616,2024-06-16,2024,6,June,2,16,Sunday,1
20240618,2024-06-18,2024,6,June,2,18,Tuesday,0
20240619,2024-06-19,2024,6,June,2,19,Wednesday,0
20240620,2024-06-20,2024,6,June,2,20,Thursday,0
20240621,2024-06-21,2024,6,June,2,21,Friday,0
20240623,2024-06-23,2024,6,June,2,23,Sunday,1
20240624,2024-06-24,2024,6,June,2,24,Monday,0
20240625,2024-06-25,2024,6,June,2,25,Tuesday,0
20240626,2024-06-26,2024,6,June,2,26,Wednesday,0
20240628,2024-06-28,2024,6,June,2,28,Friday,0
20240703,2024-07-03,2024,7,July,3,3,Wednesday,0
20240704,2024-07-04,2024,7,July,3,4,Thursday,0
20240705,2024-07-05,2024,7,July,3,5,Friday,0
20240706,2024-07-06,2024,7,July,3,6,Saturday,1
20240707,2024-07-07,2024,7,July,3,7,Sunday,1
20240709,2024-07-09,2024,7,July,3,9,Tuesday,0
20240711,2024-07-11,2024,7,July,3,11,Thursday,0
20240712,2024-07-12,2024,7,July,3,12,Friday,0
20240713,2024-07-13,2024,7,July,3,13,Saturday,1
20240714,2024-07-14,2024,7,July,3,14,Sunday,1
20240715,2024-07-15,2024,7,July,3,15,Monday,0
20240717,2024-07-17,2024,7,July,3,17,Wednesday,0
20240718,2024-07-18,2024,7,July,3,18,Thursday,0
20240719,2024-07-19,2024,7,July,3,19,Friday,0
20240720,2024-07-20,2024,7,July,3,20,Saturday,1
20240721,2024-07-21,2024,7,July,3,21,Sunday,1
20240724,2024-07-24,2024,7,July,3,24,Wednesday,0
20240725,2024-07-25,2024,7,July,3,25,Thursday,0
20240726,2024-07-26,2024,7,July,3,26,Friday,0
20240727,2024-07-27,2024,7,July,3,27,Saturday,1
20240728,2024-07-28,2024,7,July,3,28,Sunday,1
20240729,2024-07-29,2024,7,July,3,29,Monday,0
20240801,2024-08-01,2024,8,August,3,1,Thursday,0
20240802,2024-08-02,2024,8,August,3,2,Friday,0
20240803,2024-08-03,2024,8,August,3,3,Saturday,1
20240808,2024-08-08,2024,8,August,3,8,Thursday,0
20240809,2024-08-09,2024,8,August,3,9,Friday,0
20240811,2024-08-11,2024,8,August,3,11,Sunday,1
20240812,2024-08-12,2024,8,August,3,12,Monday,0
20240813,2024-08-13,2024,8,August,3,13,Tuesday,0
20240814,2024-08-14,2024,8,August,3,14,Wednesday,0
20240816,2024-08-16,2024,8,August,3,16,Friday,0
20240818,2024-08-18,2024,8,August,3,18,Sunday,1
20240819,2024-08-19,2024,8,August,3,19,Monday,0
20240820,2024-08-20,2024,8,August,3,20,Tuesday,0
20240822,2024-08-22,2024,8,August,3,22,Thursday,0
20240823,2024-08-23,2024,8,August,3,23,Friday,0
20240824,2024-08-24,2024,8,August,3,24,Saturday,1
20240826,2024-08-26,2024,8,August,3,26,Monday,0
20240827,2024-08-27,2024,8,August,3,27,Tuesday,0
20240829,2024-08-29,2024,8,August,3,29,Thursday,0
20240830,2024-08-30,2024,8,August,3,30,Friday,0
20240831,2024-08-31,2024,8,August,3,31,Saturday,1
20240901,2024-09-01,2024,9,September,3,1,Sunday,1
20240902,2024-09-02,2024,9,September,3,2,Monday,0
20240904,2024-09-04,2024,9,September,3,4,Wednesday,0
20240906,2024-09-06,2024,9,September,3,6,Friday,0
20240907,2024-09-07,2024,9,September,3,7,Saturday,1
20240908,2024-09-08,2024,9,September,3,8,Sunday,1
20240909,2024-09-09,2024,9,September,3,9,Monday,0
20240912,2024-09-12,2024,9,September,3,12,Thursday,0
20240913,2024-09-13,2024,9,September,3,13,Friday,0
20240915,2024-09-15,2024,9,September,3,15,Sunday,1
20240916,2024-09-16,2024,9,September,3,16,Monday,0
20240919,2024-09-19,2024,9,September,3,19,Thursday,0
20240921,2024-09-21,2024,9,September,3,21,Saturday,1
20240922,2024-09-22,2024,9,September,3,22,Sunday,1
20240927,2024-09-27,2024,9,September,3,27,Friday,0
20240928,2024-09-28,2024,9,September,3,28,Saturday,1
20240930,2024-09-30,2024,9,September,3,30,Monday,0
20241001,2024-10-01,2024,10,October,4,1,Tuesday,0
20241004,2024-10-04,2024,10,October,4,4,Friday,0
20241006,2024-10-06,2024,10,October,4,6,Sunday,1
20241009,2024-10-09,2024,10,October,4,9,Wednesday,0
20241010,2024-10-10,2024,10,October,4,10,Thursday,0
20241011,2024-10-11,2024,10,October,4,11,Friday,0
20241013,2024-10-13,2024,10,October,4,13,Sunday,1
20241014,2024-10-14,2024,10,October,4,14,Monday,0
20241015,2024-10-15,2024,10,October,4,15,Tuesday,0
20241019,2024-10-19,2024,10,October,4,19,Saturday,1
20241022,2024-10-22,2024,10,October,4,22,Tuesday,0
20241024,2024-10-24,2024,10,October,4,24,Thursday,0
20241025,2024-10-25,2024,10,October,4,25,Friday,0
20241026,2024-10-26,2024,10,October,4,26,Saturday,1
20241028,2024-10-28,2024,10,October,4,28,Monday,0
20241030,2024-10-30,2024,10,October,4,30,Wednesday,0
20241031,2024-10-31,2024,10,October,4,31,Thursday,0
20241101,2024-11-01,2024,11,November,4,1,Friday,0
20241102,2024-11-02,2024,11,November,4,2,Saturday,1
20241103,2024-11-03,2024,11,November,4,3,Sunday,1
20241107,2024-11-07,2024,11,November,4,7,Thursday,0
20241109,2024-11-09,2024,11,November,4,9,Saturday,1
20241110,2024-11-10,2024,11,November,4,10,Sunday,1
20241113,2024-11-13,2024,11,November,4,13,Wednesday,0
20241118,2024-11-18,2024,11,November,4,18,Monday,0
20241120,2024-11-20,2024,11,November,4,20,Wednesday,0
20241122,2024-11-22,2024,11,November,4,22,Friday,0
20241123,2024-11-23,2024,11,November,4,23,Saturday,1
20241124,2024-11-24,2024,11,November,4,24,Sunday,1
20241125,2024-11-25,2024,11,November,4,25,Monday,0
20241126,2024-11-26,2024,11,November,4,26,Tuesday,0
20241128,2024-11-28,2024,11,November,4,28,Thursday,0
20241129,2024-11-29,2024,11,November,4,29,Friday,0
20241130,2024-11-30,2024,11,November,4,30,Saturday,1
20241201,2024-12-01,2024,12,December,4,1,Sunday,1
20241202,2024-12-02,2024,12,December,4,2,Monday,0
20241204,2024-12-04,2024,12,December,4,4,Wednesday,0
20241206,2024-12-06,2024,12,December,4,6,Friday,0
20241207,2024-12-07,2024,12,December,4,7,Saturday,1
20241210,2024-12-10,2024,12,December,4,10,Tuesday,0
20241211,2024-12-11,2024,12,December,4,11,Wednesday,0
20241212,2024-12-12,2024,12,December,4,12,Thursday,0
20241214,2024-12-14,2024,12,December,4,14,Saturday,1
20241217,2024-12-17,2024,12,December,4,17,Tuesday,0
20241218,2024-12-18,2024,12,December,4,18,Wednesday,0
20241219,2024-12-19,2024,12,December,4,19,Thursday,0
20241220,2024-12-20,2024,12,December,4,20,Friday,0
20241223,2024-12-23,2024,12,December,4,23,Monday,0
20241224,2024-12-24,2024,12,December,4,24,Tuesday,0
20241225,2024-12-25,2024,12,December,4,25,Wednesday,0
20241227,2024-12-27,2024,12,December,4,27,Friday,0
20241228,2024-12-28,2024,12,December,4,28,Saturday,1
20241229,2024-12-29,2024,12,December,4,29,Sunday,1
20241230,2024-12-30,2024,12,December,4,30,Monday,0
20250130,2025-01-30,2025,1,January,1,30,Thursday,0
