id_cliente,nombre,edad,genero,tipo_cliente,email,id_ciudad
184.0,Carlos Ramírez,52,M,recurrente,cliente184@hotmail.com,6.0
480.0,Andrés López,28,F,nuevo,cliente480@hotmail.com,2.0
135.0,Laura López,26,M,recurrente,cliente135@hotmail.com,7.0
370.0,Andrés Rodríguez,58,M,nuevo,cliente370@yahoo.es,5.0
249.0,Juan Ramírez,53,F,nuevo,cliente249@hotmail.com,2.0
363.0,Ana García,39,M,nuevo,cliente363@yahoo.es,1.0
410.0,María López,52,F,nuevo,cliente410@gmail.com,2.0
2.0,Sofía González,45,M,recurrente,cliente2@yahoo.es,7.0
121.0,Valentina López,55,M,nuevo,cliente121@gmail.com,7.0
136.0,Ana López,41,M,recurrente,cliente136@gmail.com,3.0
465.0,Pedro González,20,M,nuevo,cliente465@hotmail.com,1.0
441.0,María López,60,M,recurrente,cliente441@hotmail.com,1.0
180.0,María García,60,F,nuevo,cliente180@hotmail.com,5.0
60.0,Luis García,63,F,nuevo,cliente60@gmail.com,7.0
347.0,Pedro García,37,M,recurrente,,3.0
102.0,Carlos López,48,M,nuevo,cliente102@gmail.com,3.0
342.0,Valentina Sánchez,53,F,recurrente,cliente342@gmail.com,6.0
33.0,Laura Ramírez,44,M,recurrente,cliente33@gmail.com,7.0
371.0,Juan García,43,M,recurrente,cliente371@yahoo.es,3.0
27.0,María Rodríguez,67,M,nuevo,cliente27@gmail.com,6.0
334.0,Sofía Sánchez,70,M,recurrente,cliente334@hotmail.com,5.0
360.0,Andrés López,23,F,nuevo,cliente360@yahoo.es,5.0
170.0,Luis González,34,F,recurrente,cliente170@gmail.com,6.0
28.0,Juan Ramírez,24,M,recurrente,cliente28@yahoo.es,5.0
128.0,Valentina López,67,M,recurrente,cliente128@hotmail.com,2.0
17.0,Luis Ramírez,22,F,recurrente,cliente17@hotmail.com,4.0
456.0,Valentina González,19,M,recurrente,cliente456@gmail.com,7.0
169.0,Luis Sánchez,70,M,recurrente,cliente169@gmail.com,7.0
475.0,Sofía Rodríguez,19,M,recurrente,,5.0
283.0,María Martínez,22,M,recurrente,cliente283@hotmail.com,3.0
197.0,Carlos Pérez,65,F,recurrente,cliente197@yahoo.es,4.0
151.0,Pedro Martínez,33,M,recurrente,cliente151@hotmail.com,6.0
301.0,Luis Ramírez,37,F,recurrente,cliente301@hotmail.com,5.0
129.0,Carlos González,68,F,nuevo,cliente129@gmail.com,3.0
495.0,Andrés Pérez,23,F,recurrente,cliente495@gmail.com,4.0
210.0,Carlos García,37,F,nuevo,cliente210@gmail.com,2.0
142.0,Juan González,69,F,nuevo,cliente142@gmail.com,3.0
114.0,Sofía García,21,F,recurrente,cliente114@hotmail.com,1.0
437.0,Sofía López,44,M,recurrente,cliente437@hotmail.com,4.0
288.0,Pedro Pérez,60,F,nuevo,cliente288@yahoo.es,6.0
420.0,Carlos Martínez,35,M,recurrente,cliente420@hotmail.com,1.0
44.0,Juan García,61,M,nuevo,,1.0
29.0,Luis López,67,F,nuevo,cliente29@hotmail.com,1.0
294.0,Luis Rodríguez,43,M,recurrente,cliente294@hotmail.com,7.0
262.0,Laura Martínez,33,M,recurrente,cliente262@gmail.com,4.0
181.0,Sofía Ramírez,20,M,recurrente,cliente181@hotmail.com,2.0
225.0,Andrés Martínez,41,M,recurrente,cliente225@hotmail.com,
159.0,Valentina Rodríguez,37,M,nuevo,cliente159@hotmail.com,7.0
379.0,Valentina Martínez,56,F,recurrente,cliente379@gmail.com,1.0
348.0,Luis Sánchez,50,M,recurrente,cliente348@hotmail.com,8.0
419.0,Carlos Sánchez,21,F,recurrente,cliente419@yahoo.es,8.0
111.0,Ana González,33,M,recurrente,cliente111@gmail.com,3.0
269.0,Andrés García,42,F,nuevo,cliente269@gmail.com,6.0
94.0,Sofía García,36,F,nuevo,cliente94@gmail.com,3.0
459.0,Juan Ramírez,62,F,recurrente,cliente459@hotmail.com,7.0
446.0,Luis García,22,F,recurrente,cliente446@hotmail.com,6.0
272.0,Pedro Pérez,59,M,nuevo,,6.0
232.0,Ana Pérez,60,M,recurrente,cliente232@yahoo.es,3.0
34.0,Sofía Sánchez,67,F,recurrente,cliente34@yahoo.es,5.0
178.0,Luis López,58,M,nuevo,cliente178@hotmail.com,5.0
239.0,Sofía López,27,M,recurrente,cliente239@gmail.com,2.0
282.0,Juan Rodríguez,43,M,nuevo,cliente282@hotmail.com,5.0
432.0,Andrés Ramírez,63,M,recurrente,cliente432@hotmail.com,5.0
397.0,María García,54,M,nuevo,cliente397@gmail.com,7.0
236.0,Luis Ramírez,30,F,recurrente,cliente236@hotmail.com,6.0
149.0,Ana Pérez,46,M,recurrente,cliente149@yahoo.es,1.0
395.0,Andrés Martínez,44,F,nuevo,cliente395@hotmail.com,3.0
291.0,Luis Ramírez,59,M,recurrente,cliente291@yahoo.es,2.0
45.0,Juan Martínez,48,M,nuevo,cliente45@gmail.com,7.0
289.0,Andrés López,54,M,nuevo,cliente289@gmail.com,2.0
61.0,Andrés Martínez,64,F,recurrente,cliente61@gmail.com,3.0
345.0,Carlos Sánchez,46,F,nuevo,cliente345@yahoo.es,1.0
231.0,Andrés López,21,M,nuevo,cliente231@hotmail.com,6.0
274.0,Luis Pérez,50,F,recurrente,cliente274@hotmail.com,6.0
126.0,Luis Ramírez,64,F,recurrente,cliente126@hotmail.com,8.0
31.0,Carlos García,52,M,recurrente,cliente31@hotmail.com,8.0
492.0,Valentina López,62,F,recurrente,cliente492@hotmail.com,7.0
39.0,Juan Pérez,19,F,nuevo,cliente39@yahoo.es,5.0
489.0,Carlos González,68,F,recurrente,cliente489@hotmail.com,7.0
228.0,Ana Martínez,23,F,recurrente,cliente228@hotmail.com,6.0
293.0,Juan Martínez,35,M,recurrente,cliente293@hotmail.com,3.0
431.0,Sofía Pérez,45,M,recurrente,,7.0
185.0,María Pérez,28,M,nuevo,cliente185@gmail.com,2.0
491.0,Pedro Martínez,29,F,nuevo,cliente491@hotmail.com,8.0
326.0,Sofía González,26,F,nuevo,cliente326@hotmail.com,3.0
150.0,María González,28,F,recurrente,cliente150@yahoo.es,1.0
444.0,María Pérez,63,M,nuevo,cliente444@yahoo.es,2.0
341.0,Laura Rodríguez,68,M,recurrente,cliente341@hotmail.com,
476.0,Sofía García,45,F,recurrente,cliente476@yahoo.es,3.0
304.0,Carlos García,62,M,recurrente,cliente304@gmail.com,4.0
407.0,Pedro Rodríguez,33,F,recurrente,cliente407@yahoo.es,4.0
204.0,Pedro Sánchez,23,M,recurrente,,5.0
474.0,Sofía García,37,F,nuevo,cliente474@gmail.com,7.0
365.0,Sofía Pérez,21,F,recurrente,cliente365@yahoo.es,2.0
380.0,Laura López,44,M,nuevo,cliente380@hotmail.com,7.0
402.0,Sofía Pérez,55,F,nuevo,cliente402@gmail.com,5.0
73.0,Carlos López,51,F,nuevo,cliente73@yahoo.es,5.0
104.0,Juan Rodríguez,28,F,nuevo,cliente104@hotmail.com,3.0
496.0,Andrés García,61,M,recurrente,cliente496@hotmail.com,6.0
332.0,Pedro Ramírez,21,M,recurrente,cliente332@hotmail.com,5.0
416.0,Sofía Pérez,67,M,nuevo,cliente416@gmail.com,5.0
415.0,Juan Ramírez,20,M,recurrente,cliente415@gmail.com,8.0
192.0,Laura González,38,F,nuevo,cliente192@gmail.com,7.0
253.0,Andrés Sánchez,24,F,recurrente,cliente253@yahoo.es,7.0
221.0,Valentina Sánchez,28,M,nuevo,,3.0
268.0,Pedro Martínez,27,M,nuevo,cliente268@yahoo.es,7.0
244.0,Laura García,39,M,recurrente,cliente244@hotmail.com,5.0
141.0,Laura Ramírez,34,F,recurrente,cliente141@hotmail.com,7.0
93.0,Sofía Martínez,65,M,nuevo,cliente93@yahoo.es,5.0
242.0,Pedro González,44,M,nuevo,cliente242@gmail.com,4.0
392.0,Sofía Rodríguez,26,M,nuevo,cliente392@hotmail.com,999.0
258.0,Ana García,37,M,nuevo,cliente258@hotmail.com,5.0
71.0,Andrés Rodríguez,36,M,nuevo,,7.0
428.0,Ana Rodríguez,64,M,nuevo,cliente428@hotmail.com,8.0
329.0,Andrés García,18,F,nuevo,cliente329@yahoo.es,7.0
162.0,Sofía García,24,F,nuevo,cliente162@hotmail.com,2.0
389.0,Laura Pérez,58,M,nuevo,cliente389@yahoo.es,4.0
213.0,Sofía Ramírez,60,M,nuevo,cliente213@yahoo.es,1.0
497.0,Juan Martínez,44,M,recurrente,cliente497@yahoo.es,5.0
214.0,Carlos Rodríguez,19,F,recurrente,cliente214@gmail.com,5.0
196.0,Laura García,18,M,recurrente,cliente196@gmail.com,7.0
50.0,Ana López,60,F,nuevo,cliente50@yahoo.es,3.0
152.0,Juan González,61,M,recurrente,,
95.0,María Rodríguez,29,M,recurrente,cliente95@gmail.com,4.0
316.0,Valentina Pérez,69,M,nuevo,cliente316@hotmail.com,5.0
424.0,Luis Rodríguez,64,M,nuevo,cliente424@gmail.com,3.0
6.0,Andrés Martínez,46,F,nuevo,cliente6@gmail.com,4.0
333.0,Andrés González,65,M,nuevo,cliente333@yahoo.es,6.0
109.0,Juan Pérez,56,M,nuevo,cliente109@yahoo.es,3.0
86.0,Andrés Sánchez,56,M,nuevo,cliente86@yahoo.es,5.0
36.0,Pedro Martínez,24,M,recurrente,cliente36@gmail.com,4.0
220.0,Pedro Pérez,55,M,recurrente,cliente220@gmail.com,4.0
336.0,Juan Ramírez,46,M,nuevo,cliente336@gmail.com,5.0
493.0,Valentina García,48,M,recurrente,cliente493@hotmail.com,8.0
216.0,Andrés Pérez,68,F,nuevo,cliente216@hotmail.com,8.0
11.0,Laura López,54,M,nuevo,cliente11@yahoo.es,7.0
161.0,Luis Sánchez,35,F,recurrente,cliente161@hotmail.com,6.0
384.0,Laura Ramírez,52,F,recurrente,cliente384@gmail.com,7.0
408.0,María Sánchez,53,F,recurrente,cliente408@hotmail.com,1.0
327.0,Luis Ramírez,30,M,recurrente,cliente327@gmail.com,8.0
191.0,Carlos Pérez,23,F,recurrente,cliente191@gmail.com,8.0
107.0,Luis Pérez,28,M,recurrente,cliente107@yahoo.es,8.0
5.0,Valentina Martínez,41,M,recurrente,cliente5@gmail.com,1.0
69.0,Sofía Ramírez,53,M,nuevo,cliente69@yahoo.es,5.0
195.0,Valentina Pérez,67,M,nuevo,cliente195@gmail.com,3.0
481.0,Carlos González,51,M,recurrente,cliente481@yahoo.es,7.0
18.0,Andrés Martínez,37,M,nuevo,cliente18@hotmail.com,5.0
112.0,Sofía Martínez,49,M,recurrente,cliente112@gmail.com,2.0
388.0,Carlos López,57,F,nuevo,cliente388@hotmail.com,2.0
270.0,Juan García,36,F,recurrente,cliente270@yahoo.es,1.0
257.0,Carlos López,51,M,nuevo,cliente257@hotmail.com,8.0
286.0,Laura Martínez,64,M,nuevo,cliente286@hotmail.com,2.0
241.0,Pedro Ramírez,48,F,nuevo,cliente241@gmail.com,6.0
312.0,Pedro García,51,M,recurrente,cliente312@hotmail.com,7.0
463.0,Sofía Rodríguez,64,M,recurrente,cliente463@gmail.com,3.0
3.0,María Ramírez,47,F,nuevo,cliente3@hotmail.com,8.0
353.0,Pedro Pérez,34,M,recurrente,cliente353@yahoo.es,999.0
287.0,María González,34,M,nuevo,cliente287@hotmail.com,4.0
457.0,Andrés Pérez,47,F,recurrente,cliente457@yahoo.es,
398.0,Ana Martínez,31,M,nuevo,cliente398@hotmail.com,6.0
226.0,Juan Martínez,35,M,recurrente,cliente226@gmail.com,2.0
55.0,Ana Sánchez,43,F,nuevo,cliente55@yahoo.es,7.0
74.0,Pedro Martínez,62,M,recurrente,cliente74@hotmail.com,5.0
406.0,Pedro Sánchez,33,M,recurrente,cliente406@gmail.com,5.0
41.0,Sofía Rodríguez,61,M,nuevo,cliente41@yahoo.es,2.0
297.0,Luis García,36,F,nuevo,cliente297@gmail.com,3.0
442.0,Ana Martínez,56,F,recurrente,cliente442@hotmail.com,1.0
200.0,Juan Sánchez,18,M,recurrente,cliente200@hotmail.com,8.0
100.0,Laura García,61,M,nuevo,cliente100@gmail.com,6.0
337.0,Juan González,36,F,nuevo,cliente337@yahoo.es,3.0
202.0,Ana Martínez,52,F,recurrente,cliente202@gmail.com,3.0
264.0,Pedro Sánchez,64,M,recurrente,cliente264@yahoo.es,8.0
339.0,Pedro Rodríguez,58,M,recurrente,cliente339@hotmail.com,4.0
22.0,Ana López,69,M,nuevo,cliente22@hotmail.com,7.0
172.0,Luis Martínez,66,F,nuevo,cliente172@gmail.com,2.0
414.0,María Martínez,58,M,nuevo,cliente414@yahoo.es,8.0
277.0,María González,21,F,recurrente,cliente277@gmail.com,4.0
421.0,Sofía López,23,M,recurrente,cliente421@gmail.com,2.0
405.0,Carlos Rodríguez,42,M,recurrente,cliente405@yahoo.es,6.0
490.0,Andrés González,29,F,nuevo,cliente490@yahoo.es,3.0
13.0,Juan Ramírez,38,F,recurrente,cliente13@gmail.com,7.0
183.0,Carlos López,55,M,recurrente,cliente183@gmail.com,2.0
229.0,Sofía Sánchez,69,F,nuevo,cliente229@hotmail.com,2.0
364.0,Juan Sánchez,36,M,nuevo,cliente364@hotmail.com,3.0
158.0,Juan Rodríguez,45,M,nuevo,cliente158@gmail.com,3.0
462.0,Laura García,23,F,nuevo,cliente462@yahoo.es,4.0
377.0,María Sánchez,36,F,recurrente,cliente377@gmail.com,5.0
207.0,Pedro Ramírez,35,M,nuevo,cliente207@yahoo.es,2.0
14.0,Valentina Pérez,27,M,recurrente,cliente14@yahoo.es,3.0
193.0,Carlos García,29,M,recurrente,cliente193@yahoo.es,8.0
87.0,Carlos Ramírez,60,F,recurrente,cliente87@yahoo.es,1.0
155.0,Andrés Pérez,30,F,recurrente,cliente155@hotmail.com,5.0
383.0,Pedro Pérez,22,F,recurrente,cliente383@hotmail.com,5.0
15.0,Andrés Martínez,59,M,recurrente,cliente15@yahoo.es,5.0
484.0,Carlos López,23,F,nuevo,cliente484@gmail.com,4.0
401.0,Sofía Sánchez,26,F,recurrente,cliente401@gmail.com,5.0
85.0,Juan Ramírez,21,F,recurrente,cliente85@gmail.com,6.0
445.0,Juan González,54,M,nuevo,cliente445@gmail.com,5.0
42.0,Sofía Ramírez,58,M,recurrente,cliente42@yahoo.es,999.0
46.0,Juan Sánchez,67,F,nuevo,cliente46@hotmail.com,1.0
223.0,Carlos Pérez,47,F,nuevo,cliente223@yahoo.es,7.0
212.0,Valentina González,40,M,recurrente,cliente212@yahoo.es,2.0
310.0,Pedro García,18,F,nuevo,cliente310@gmail.com,5.0
323.0,Sofía González,20,F,recurrente,,7.0
224.0,Luis López,48,M,nuevo,cliente224@hotmail.com,1.0
252.0,Sofía González,33,F,recurrente,cliente252@yahoo.es,2.0
435.0,Pedro García,33,F,recurrente,cliente435@hotmail.com,4.0
16.0,Juan García,63,M,recurrente,cliente16@gmail.com,8.0
461.0,Sofía López,52,M,recurrente,cliente461@yahoo.es,3.0
267.0,Laura López,70,M,nuevo,cliente267@hotmail.com,4.0
157.0,Luis González,49,M,nuevo,cliente157@gmail.com,6.0
173.0,Valentina Martínez,66,F,recurrente,cliente173@yahoo.es,7.0
403.0,Valentina Sánchez,46,M,recurrente,,3.0
165.0,Sofía Pérez,19,F,nuevo,cliente165@yahoo.es,6.0
308.0,Juan García,25,F,recurrente,cliente308@hotmail.com,6.0
433.0,Ana Ramírez,49,M,recurrente,cliente433@yahoo.es,7.0
356.0,Carlos Ramírez,21,M,nuevo,cliente356@yahoo.es,2.0
99.0,Carlos Rodríguez,55,F,nuevo,cliente99@yahoo.es,2.0
215.0,Ana Ramírez,68,M,nuevo,cliente215@hotmail.com,6.0
227.0,María González,59,M,recurrente,,
338.0,Carlos Pérez,51,M,recurrente,cliente338@gmail.com,2.0
235.0,Valentina Rodríguez,43,M,nuevo,cliente235@gmail.com,7.0
38.0,Laura Sánchez,30,F,recurrente,cliente38@gmail.com,8.0
89.0,Laura García,42,F,recurrente,cliente89@hotmail.com,1.0
373.0,Pedro Ramírez,37,F,recurrente,,3.0
358.0,Valentina Ramírez,61,F,recurrente,cliente358@hotmail.com,3.0
454.0,Pedro Rodríguez,24,M,recurrente,cliente454@hotmail.com,7.0
486.0,Valentina López,29,F,recurrente,cliente486@gmail.com,2.0
179.0,Ana Sánchez,36,M,recurrente,cliente179@gmail.com,7.0
175.0,Valentina Pérez,26,M,nuevo,cliente175@hotmail.com,4.0
234.0,Valentina González,27,M,recurrente,cliente234@yahoo.es,3.0
248.0,María López,69,F,nuevo,cliente248@yahoo.es,5.0
49.0,Sofía Sánchez,37,M,recurrente,cliente49@gmail.com,3.0
24.0,Juan Ramírez,62,M,recurrente,cliente24@yahoo.es,5.0
134.0,Pedro Ramírez,23,M,nuevo,cliente134@yahoo.es,7.0
351.0,Laura Rodríguez,41,M,nuevo,cliente351@hotmail.com,7.0
163.0,Laura Sánchez,48,M,nuevo,cliente163@gmail.com,7.0
440.0,Luis Ramírez,36,M,recurrente,cliente440@gmail.com,2.0
7.0,Carlos Pérez,45,M,nuevo,cliente7@yahoo.es,4.0
156.0,Laura González,40,F,recurrente,cliente156@gmail.com,2.0
243.0,Carlos Martínez,30,F,nuevo,cliente243@yahoo.es,4.0
328.0,Juan González,68,M,recurrente,cliente328@yahoo.es,3.0
423.0,Carlos Rodríguez,52,M,recurrente,cliente423@gmail.com,
77.0,Juan Sánchez,46,F,recurrente,cliente77@gmail.com,3.0
276.0,Pedro Rodríguez,55,F,nuevo,cliente276@yahoo.es,8.0
125.0,Carlos Martínez,25,F,nuevo,cliente125@hotmail.com,4.0
271.0,Pedro Pérez,46,M,recurrente,cliente271@hotmail.com,5.0
439.0,Pedro López,31,M,nuevo,cliente439@yahoo.es,7.0
92.0,Luis Ramírez,34,F,nuevo,,8.0
449.0,María García,27,M,nuevo,cliente449@hotmail.com,1.0
394.0,Pedro Pérez,22,M,nuevo,cliente394@hotmail.com,7.0
466.0,Carlos García,27,M,nuevo,cliente466@yahoo.es,7.0
65.0,Luis Martínez,38,F,recurrente,cliente65@gmail.com,2.0
321.0,Pedro Sánchez,38,F,nuevo,cliente321@gmail.com,2.0
79.0,Ana López,19,M,recurrente,cliente79@gmail.com,4.0
144.0,Valentina González,28,F,nuevo,cliente144@yahoo.es,7.0
450.0,Carlos Rodríguez,29,M,recurrente,cliente450@hotmail.com,6.0
122.0,Carlos García,47,M,recurrente,cliente122@gmail.com,1.0
153.0,Ana Pérez,57,M,recurrente,cliente153@gmail.com,8.0
318.0,Pedro López,22,M,nuevo,cliente318@hotmail.com,4.0
78.0,Andrés Pérez,21,F,recurrente,cliente78@hotmail.com,7.0
137.0,Andrés Rodríguez,35,F,nuevo,cliente137@yahoo.es,4.0
211.0,Laura Ramírez,19,F,nuevo,cliente211@yahoo.es,4.0
98.0,Valentina Rodríguez,45,F,recurrente,cliente98@yahoo.es,1.0
51.0,Valentina González,29,M,recurrente,cliente51@hotmail.com,5.0
237.0,Ana García,35,M,nuevo,,8.0
369.0,Valentina López,25,M,recurrente,cliente369@gmail.com,1.0
62.0,Valentina González,20,M,nuevo,cliente62@hotmail.com,7.0
390.0,Ana Martínez,64,F,nuevo,cliente390@hotmail.com,4.0
295.0,Pedro García,52,M,recurrente,cliente295@yahoo.es,4.0
278.0,Valentina Sánchez,20,M,recurrente,,5.0
285.0,Carlos Rodríguez,35,M,recurrente,cliente285@yahoo.es,4.0
488.0,Carlos Pérez,52,M,recurrente,cliente488@yahoo.es,5.0
209.0,Luis García,28,M,recurrente,cliente209@gmail.com,6.0
115.0,Andrés García,56,F,nuevo,cliente115@yahoo.es,7.0
259.0,Sofía López,46,F,recurrente,cliente259@gmail.com,2.0
460.0,Laura Sánchez,38,F,recurrente,cliente460@gmail.com,7.0
66.0,Valentina Sánchez,61,F,recurrente,cliente66@gmail.com,8.0
368.0,Luis Martínez,41,M,nuevo,,4.0
160.0,Andrés García,37,M,recurrente,cliente160@hotmail.com,6.0
366.0,María García,43,F,recurrente,cliente366@hotmail.com,2.0
376.0,Ana Sánchez,62,M,recurrente,cliente376@hotmail.com,2.0
140.0,Sofía Sánchez,20,M,recurrente,cliente140@hotmail.com,1.0
483.0,María Martínez,37,M,recurrente,cliente483@hotmail.com,4.0
352.0,Sofía Sánchez,47,F,nuevo,cliente352@gmail.com,7.0
265.0,Ana Pérez,61,M,recurrente,cliente265@yahoo.es,2.0
498.0,Juan Sánchez,52,F,nuevo,cliente498@yahoo.es,6.0
130.0,Luis García,52,M,recurrente,cliente130@gmail.com,7.0
67.0,Sofía Pérez,24,F,recurrente,cliente67@gmail.com,5.0
256.0,Pedro González,43,M,nuevo,cliente256@yahoo.es,4.0
499.0,María Sánchez,52,F,recurrente,cliente499@hotmail.com,5.0
325.0,María Sánchez,49,F,recurrente,cliente325@hotmail.com,6.0
468.0,María González,24,M,recurrente,cliente468@yahoo.es,4.0
292.0,Ana Ramírez,67,F,recurrente,cliente292@yahoo.es,1.0
317.0,Luis Rodríguez,22,F,recurrente,cliente317@gmail.com,999.0
290.0,Andrés Martínez,69,M,nuevo,,2.0
81.0,Juan Martínez,65,F,nuevo,cliente81@hotmail.com,7.0
194.0,Ana García,40,F,nuevo,cliente194@gmail.com,3.0
296.0,María Ramírez,57,M,recurrente,cliente296@yahoo.es,7.0
300.0,Luis López,51,M,recurrente,cliente300@gmail.com,3.0
418.0,Laura López,46,M,nuevo,cliente418@gmail.com,5.0
96.0,Luis Pérez,69,M,recurrente,cliente96@hotmail.com,7.0
500.0,Juan Pérez,54,F,nuevo,cliente500@hotmail.com,6.0
472.0,Andrés Sánchez,68,F,recurrente,cliente472@gmail.com,6.0
8.0,María Rodríguez,36,M,recurrente,cliente8@gmail.com,1.0
143.0,Sofía González,56,M,nuevo,,999.0
19.0,Sofía Sánchez,36,M,nuevo,cliente19@hotmail.com,2.0
154.0,Juan García,47,F,recurrente,cliente154@yahoo.es,
106.0,Luis Martínez,59,F,nuevo,cliente106@yahoo.es,7.0
21.0,Ana Pérez,53,M,recurrente,cliente21@gmail.com,5.0
251.0,Laura Rodríguez,42,F,nuevo,cliente251@yahoo.es,8.0
206.0,Pedro Martínez,53,M,recurrente,cliente206@gmail.com,1.0
382.0,Andrés Pérez,50,F,recurrente,cliente382@gmail.com,5.0
478.0,Valentina González,62,F,nuevo,cliente478@yahoo.es,4.0
246.0,Ana Rodríguez,18,M,nuevo,cliente246@yahoo.es,5.0
254.0,Pedro Rodríguez,56,M,recurrente,cliente254@gmail.com,7.0
176.0,María González,45,M,recurrente,cliente176@yahoo.es,7.0
199.0,Valentina Rodríguez,62,M,recurrente,cliente199@hotmail.com,1.0
315.0,María González,49,M,nuevo,cliente315@hotmail.com,7.0
302.0,Laura Rodríguez,62,F,recurrente,cliente302@hotmail.com,3.0
322.0,Sofía Sánchez,42,M,nuevo,cliente322@gmail.com,8.0
320.0,Pedro López,32,F,recurrente,cliente320@yahoo.es,5.0
436.0,Andrés González,31,F,nuevo,cliente436@hotmail.com,7.0
119.0,Carlos López,59,M,recurrente,cliente119@hotmail.com,7.0
438.0,Pedro Pérez,21,F,nuevo,cliente438@gmail.com,4.0
9.0,María Sánchez,67,F,recurrente,cliente9@hotmail.com,
340.0,Carlos Sánchez,43,F,recurrente,cliente340@gmail.com,2.0
299.0,Valentina García,70,F,nuevo,cliente299@gmail.com,2.0
324.0,Valentina Pérez,39,M,recurrente,cliente324@gmail.com,6.0
25.0,Andrés Sánchez,19,M,recurrente,cliente25@yahoo.es,2.0
429.0,Sofía Rodríguez,26,M,recurrente,cliente429@yahoo.es,1.0
494.0,Pedro Martínez,35,M,recurrente,cliente494@hotmail.com,3.0
64.0,Valentina Rodríguez,32,M,nuevo,,3.0
374.0,Andrés López,21,F,recurrente,cliente374@gmail.com,4.0
303.0,Juan Martínez,70,M,recurrente,cliente303@gmail.com,4.0
281.0,María López,31,M,nuevo,cliente281@gmail.com,8.0
357.0,Sofía López,68,F,nuevo,cliente357@hotmail.com,1.0
26.0,Andrés Rodríguez,39,M,nuevo,cliente26@yahoo.es,2.0
182.0,Valentina Pérez,63,M,recurrente,cliente182@hotmail.com,4.0
116.0,Andrés Ramírez,39,M,recurrente,cliente116@yahoo.es,4.0
482.0,Carlos Pérez,33,F,recurrente,cliente482@hotmail.com,1.0
230.0,Luis López,48,M,recurrente,cliente230@yahoo.es,4.0
412.0,Valentina Pérez,52,F,recurrente,cliente412@hotmail.com,3.0
453.0,Pedro Sánchez,64,M,recurrente,cliente453@hotmail.com,1.0
314.0,María Martínez,61,M,nuevo,,5.0
245.0,Laura Martínez,33,M,recurrente,cliente245@yahoo.es,1.0
458.0,Andrés Pérez,64,M,nuevo,cliente458@hotmail.com,5.0
354.0,Sofía Ramírez,64,M,recurrente,cliente354@yahoo.es,4.0
331.0,Juan Rodríguez,47,F,recurrente,cliente331@gmail.com,8.0
335.0,Valentina López,18,M,nuevo,,4.0
120.0,Pedro Martínez,31,M,recurrente,cliente120@yahoo.es,3.0
451.0,Valentina Ramírez,50,M,nuevo,cliente451@hotmail.com,6.0
479.0,Valentina González,68,F,recurrente,,3.0
23.0,Juan Ramírez,36,M,nuevo,cliente23@yahoo.es,8.0
305.0,Luis González,29,M,nuevo,cliente305@hotmail.com,5.0
218.0,Ana Martínez,21,F,nuevo,cliente218@yahoo.es,2.0
131.0,Laura López,20,F,nuevo,,999.0
426.0,Juan López,33,M,recurrente,cliente426@gmail.com,4.0
189.0,Pedro López,36,M,recurrente,cliente189@gmail.com,4.0
110.0,Sofía González,51,F,recurrente,,6.0
477.0,Valentina González,46,M,recurrente,cliente477@hotmail.com,3.0
148.0,Luis García,31,M,nuevo,cliente148@gmail.com,4.0
280.0,María Pérez,61,M,recurrente,cliente280@hotmail.com,6.0
58.0,Andrés Pérez,39,M,nuevo,cliente58@yahoo.es,7.0
298.0,Andrés González,39,M,nuevo,cliente298@gmail.com,8.0
37.0,Valentina Rodríguez,44,M,nuevo,cliente37@hotmail.com,1.0
263.0,Valentina Rodríguez,65,M,recurrente,cliente263@hotmail.com,1.0
487.0,Ana Rodríguez,63,M,nuevo,cliente487@yahoo.es,1.0
350.0,Ana González,29,M,nuevo,cliente350@hotmail.com,3.0
201.0,Valentina Martínez,54,F,nuevo,cliente201@gmail.com,3.0
205.0,Laura Sánchez,22,M,recurrente,cliente205@yahoo.es,4.0
346.0,Carlos Pérez,63,F,nuevo,cliente346@yahoo.es,7.0
68.0,Laura García,46,F,nuevo,cliente68@hotmail.com,5.0
447.0,Juan Pérez,56,M,nuevo,cliente447@yahoo.es,2.0
219.0,Valentina Pérez,44,F,nuevo,cliente219@hotmail.com,4.0
372.0,Valentina González,25,M,nuevo,cliente372@hotmail.com,3.0
367.0,Pedro Pérez,62,F,recurrente,cliente367@yahoo.es,3.0
455.0,Pedro Martínez,47,M,nuevo,cliente455@hotmail.com,1.0
127.0,Laura Pérez,28,F,recurrente,cliente127@yahoo.es,6.0
133.0,Luis González,48,F,recurrente,cliente133@hotmail.com,8.0
117.0,Laura Martínez,24,M,nuevo,cliente117@yahoo.es,1.0
385.0,Laura González,46,F,nuevo,cliente385@gmail.com,7.0
70.0,Sofía González,30,M,nuevo,cliente70@yahoo.es,8.0
35.0,Ana García,64,M,nuevo,cliente35@hotmail.com,3.0
12.0,Luis García,40,M,recurrente,cliente12@gmail.com,7.0
123.0,Ana Sánchez,21,M,nuevo,cliente123@gmail.com,8.0
52.0,Pedro Ramírez,64,M,nuevo,cliente52@yahoo.es,6.0
247.0,Carlos López,24,F,recurrente,cliente247@hotmail.com,4.0
76.0,Andrés González,20,F,nuevo,cliente76@hotmail.com,8.0
168.0,Luis García,38,F,recurrente,cliente168@yahoo.es,8.0
425.0,Pedro García,22,F,nuevo,cliente425@hotmail.com,2.0
396.0,Valentina Rodríguez,37,F,nuevo,cliente396@yahoo.es,3.0
57.0,Luis Ramírez,49,M,nuevo,cliente57@hotmail.com,3.0
164.0,Valentina Sánchez,28,M,nuevo,cliente164@gmail.com,6.0
47.0,María González,23,M,nuevo,cliente47@yahoo.es,3.0
186.0,Carlos Sánchez,62,F,recurrente,cliente186@hotmail.com,8.0
309.0,Valentina López,48,M,nuevo,cliente309@gmail.com,1.0
233.0,Luis López,41,F,nuevo,cliente233@hotmail.com,7.0
427.0,Juan Martínez,36,M,recurrente,cliente427@hotmail.com,7.0
307.0,María Rodríguez,23,F,recurrente,cliente307@yahoo.es,2.0
409.0,Carlos Pérez,32,M,nuevo,cliente409@hotmail.com,3.0
1.0,Valentina López,32,F,recurrente,cliente1@yahoo.es,2.0
30.0,Ana Sánchez,51,M,recurrente,cliente30@hotmail.com,6.0
90.0,Luis Rodríguez,67,M,recurrente,cliente90@yahoo.es,5.0
54.0,Ana González,48,M,recurrente,cliente54@yahoo.es,2.0
378.0,Andrés Pérez,58,M,nuevo,cliente378@yahoo.es,6.0
381.0,Ana López,68,M,recurrente,cliente381@hotmail.com,6.0
138.0,Valentina Pérez,33,F,nuevo,cliente138@hotmail.com,3.0
63.0,María González,68,F,recurrente,cliente63@hotmail.com,5.0
59.0,Valentina González,64,M,nuevo,cliente59@gmail.com,7.0
145.0,Pedro Martínez,49,M,nuevo,cliente145@hotmail.com,1.0
124.0,Pedro López,48,M,recurrente,cliente124@hotmail.com,3.0
330.0,Laura López,49,M,nuevo,cliente330@hotmail.com,4.0
177.0,Valentina López,26,F,recurrente,cliente177@yahoo.es,7.0
417.0,Ana García,37,F,recurrente,,5.0
238.0,Ana González,62,M,recurrente,cliente238@hotmail.com,3.0
198.0,María Pérez,30,M,nuevo,cliente198@yahoo.es,6.0
250.0,Carlos Rodríguez,56,M,recurrente,cliente250@gmail.com,8.0
473.0,Sofía Sánchez,45,M,nuevo,cliente473@gmail.com,5.0
48.0,Ana González,51,F,nuevo,cliente48@gmail.com,8.0
53.0,Carlos Rodríguez,59,M,recurrente,cliente53@hotmail.com,3.0
260.0,Andrés López,60,M,recurrente,cliente260@yahoo.es,4.0
101.0,Andrés Rodríguez,64,F,recurrente,cliente101@gmail.com,2.0
275.0,Valentina Sánchez,59,M,recurrente,cliente275@hotmail.com,2.0
362.0,Carlos Rodríguez,62,M,recurrente,cliente362@hotmail.com,4.0
411.0,Andrés Pérez,67,M,recurrente,cliente411@gmail.com,8.0
190.0,Pedro González,64,M,recurrente,cliente190@yahoo.es,2.0
261.0,Luis González,65,M,nuevo,cliente261@yahoo.es,8.0
75.0,Luis Pérez,29,M,nuevo,cliente75@hotmail.com,6.0
467.0,María Sánchez,60,M,nuevo,cliente467@hotmail.com,4.0
448.0,Andrés Martínez,23,F,recurrente,cliente448@hotmail.com,6.0
82.0,Ana Ramírez,68,M,nuevo,cliente82@yahoo.es,7.0
84.0,Sofía Pérez,70,M,nuevo,cliente84@yahoo.es,8.0
255.0,Luis Martínez,69,M,nuevo,cliente255@yahoo.es,4.0
434.0,Carlos Martínez,40,M,nuevo,cliente434@yahoo.es,8.0
187.0,Valentina López,37,F,nuevo,cliente187@yahoo.es,5.0
88.0,Luis Rodríguez,25,M,nuevo,cliente88@gmail.com,1.0
361.0,Carlos López,23,F,recurrente,cliente361@hotmail.com,3.0
349.0,Andrés López,18,F,nuevo,cliente349@hotmail.com,2.0
430.0,Valentina Sánchez,68,M,nuevo,cliente430@gmail.com,2.0
217.0,Luis González,66,F,recurrente,cliente217@hotmail.com,6.0
393.0,Pedro Sánchez,65,M,recurrente,cliente393@yahoo.es,4.0
146.0,Juan López,67,F,nuevo,cliente146@gmail.com,5.0
97.0,Valentina Rodríguez,61,M,nuevo,,999.0
387.0,María Sánchez,67,F,nuevo,cliente387@gmail.com,8.0
471.0,Andrés Pérez,63,F,nuevo,cliente471@gmail.com,8.0
343.0,Luis García,38,F,recurrente,cliente343@yahoo.es,3.0
306.0,Valentina González,18,F,recurrente,cliente306@yahoo.es,5.0
266.0,Carlos Ramírez,31,F,recurrente,cliente266@hotmail.com,7.0
443.0,Andrés González,66,F,recurrente,cliente443@gmail.com,3.0
4.0,Ana Pérez,37,M,nuevo,cliente4@gmail.com,2.0
359.0,Andrés Martínez,69,M,recurrente,cliente359@hotmail.com,1.0
422.0,Sofía García,20,M,recurrente,cliente422@gmail.com,
208.0,Laura Ramírez,47,F,nuevo,cliente208@hotmail.com,3.0
404.0,Valentina Pérez,46,M,recurrente,cliente404@hotmail.com,4.0
188.0,Luis Rodríguez,19,M,nuevo,cliente188@yahoo.es,8.0
386.0,María Martínez,63,F,recurrente,cliente386@yahoo.es,4.0
43.0,Pedro López,50,F,nuevo,,999.0
240.0,Andrés Sánchez,68,M,recurrente,cliente240@gmail.com,4.0
132.0,Ana Ramírez,26,F,recurrente,cliente132@hotmail.com,8.0
72.0,Carlos Rodríguez,31,M,recurrente,cliente72@gmail.com,2.0
40.0,Ana Pérez,29,M,nuevo,cliente40@gmail.com,7.0
139.0,Luis Martínez,23,M,nuevo,cliente139@hotmail.com,1.0
105.0,Juan Pérez,70,M,nuevo,cliente105@yahoo.es,7.0
56.0,Laura González,26,M,nuevo,cliente56@yahoo.es,4.0
147.0,Carlos Rodríguez,50,F,nuevo,cliente147@hotmail.com,5.0
279.0,Laura Ramírez,45,M,nuevo,cliente279@yahoo.es,6.0
80.0,María López,19,M,nuevo,cliente80@hotmail.com,6.0
166.0,Laura García,68,F,nuevo,cliente166@yahoo.es,4.0
399.0,Luis Pérez,52,F,recurrente,cliente399@gmail.com,6.0
344.0,Pedro Ramírez,25,M,recurrente,cliente344@hotmail.com,2.0
413.0,María Sánchez,39,M,recurrente,cliente413@yahoo.es,1.0
171.0,Laura Ramírez,40,M,nuevo,cliente171@hotmail.com,7.0
355.0,Pedro Rodríguez,41,M,recurrente,cliente355@yahoo.es,5.0
32.0,María González,49,F,recurrente,cliente32@yahoo.es,999.0
464.0,Andrés Martínez,68,F,nuevo,cliente464@hotmail.com,4.0
313.0,Luis Pérez,50,F,recurrente,,
222.0,Luis Rodríguez,23,M,recurrente,cliente222@hotmail.com,7.0
400.0,Luis González,30,M,nuevo,cliente400@hotmail.com,8.0
167.0,María Rodríguez,35,F,nuevo,cliente167@gmail.com,3.0
452.0,Valentina Martínez,70,M,nuevo,cliente452@gmail.com,6.0
485.0,María Ramírez,25,M,nuevo,cliente485@gmail.com,2.0
108.0,Carlos García,18,M,recurrente,cliente108@yahoo.es,6.0
203.0,Pedro García,41,M,recurrente,cliente203@hotmail.com,6.0
91.0,Pedro López,63,F,recurrente,cliente91@hotmail.com,999.0
391.0,Ana Sánchez,55,F,recurrente,cliente391@yahoo.es,2.0
469.0,Laura González,52,M,nuevo,cliente469@yahoo.es,4.0
375.0,Carlos González,57,M,nuevo,cliente375@gmail.com,2.0
10.0,Juan López,47,F,recurrente,cliente10@gmail.com,6.0
311.0,Luis Pérez,64,M,nuevo,cliente311@gmail.com,4.0
83.0,Carlos Sánchez,34,F,nuevo,cliente83@gmail.com,8.0
470.0,Sofía Sánchez,25,M,nuevo,cliente470@gmail.com,1.0
113.0,Luis Rodríguez,45,F,recurrente,cliente113@gmail.com,5.0
174.0,Valentina Sánchez,40,F,recurrente,cliente174@gmail.com,6.0
284.0,Luis García,53,M,nuevo,cliente284@gmail.com,8.0
319.0,Laura Pérez,50,M,recurrente,cliente319@gmail.com,5.0
273.0,Luis Martínez,63,M,nuevo,cliente273@gmail.com,8.0
103.0,Carlos González,68,M,nuevo,cliente103@gmail.com,7.0
118.0,Carlos López,64,M,nuevo,cliente118@gmail.com,4.0
