id_mantenimiento,id_tiempo,id_cliente,id_vehiculo,id_sucursal,id_tipo_mantenimiento,costo_servicio,costo_repuestos,repuestos_usados,horas_taller,kilometraje_vehiculo
2001.0,20210612,288.0,261,14,1.0,1003.0,1000.0,2.0,4.0,22390.0
2002.0,20211129,198.0,276,3,3.0,1363.0,1000.0,5.0,5.0,46095.0
2003.0,20210826,35.0,141,10,5.0,1079.0,1000.0,5.0,7.0,8589.0
2004.0,20210423,448.0,210,1,7.0,1467.0,1000.0,5.0,7.0,26656.0
2005.0,20201221,48.0,273,5,7.0,1000.0,1000.0,2.0,7.0,57938.0
2006.0,20200214,28.0,53,15,8.0,1000.0,1000.0,4.0,6.0,15104.0
2007.0,20210827,353.0,185,13,8.0,1026.0,1000.0,1.0,3.0,10391.0
2008.0,20200303,383.0,143,11,1.0,1192.0,1000.0,2.0,2.0,41031.0
2009.0,20210305,406.0,124,12,7.0,1288.0,1000.0,5.0,7.0,14284.0
2010.0,20210522,243.0,55,10,4.0,1000.0,1000.0,5.0,,58502.0
2011.0,20201123,214.0,76,6,7.0,1000.0,1000.0,5.0,5.0,43398.0
2012.0,20210925,126.0,291,5,1.0,1156.0,1000.0,0.0,6.0,24048.0
2013.0,20211216,431.0,56,1,7.0,1000.0,1000.0,1.0,8.0,20854.0
2014.0,20201002,147.0,238,18,5.0,1000.0,1000.0,3.0,7.0,36529.0
2015.0,20210814,121.0,29,20,6.0,1000.0,1000.0,4.0,6.0,28965.0
2016.0,20220222,483.0,257,1,4.0,1363.0,1000.0,1.0,3.0,24669.0
2017.0,20220222,130.0,176,3,5.0,1060.0,1000.0,2.0,5.0,25794.0
2018.0,20210907,308.0,220,12,4.0,1000.0,1000.0,3.0,3.0,50551.0
2019.0,20200306,412.0,243,20,6.0,1000.0,1000.0,3.0,7.0,53325.0
2020.0,20200313,457.0,158,19,8.0,1000.0,1000.0,5.0,3.0,9793.0
2021.0,20210704,456.0,40,1,2.0,1065.0,1000.0,0.0,1.0,39677.0
2022.0,20201124,293.0,271,4,1.0,1000.0,1000.0,3.0,7.0,26246.0
2023.0,20210518,30.0,207,15,6.0,1000.0,1000.0,0.0,8.0,56419.0
2024.0,20200707,428.0,32,20,6.0,1000.0,1000.0,0.0,3.0,51811.0
2025.0,20200217,259.0,157,7,1.0,1000.0,1000.0,0.0,6.0,52417.0
2026.0,20200915,483.0,278,5,4.0,1084.0,1000.0,3.0,7.0,58389.0
2027.0,20220115,224.0,41,1,1.0,1434.0,1000.0,0.0,1.0,13414.0
2028.0,20200428,203.0,200,17,4.0,1000.0,1000.0,5.0,3.0,17620.0
2029.0,20201107,252.0,28,1,5.0,1000.0,1000.0,3.0,7.0,53487.0
2030.0,20200318,144.0,166,8,8.0,1000.0,1000.0,3.0,3.0,35997.0
2031.0,20211103,296.0,120,6,2.0,1000.0,1000.0,4.0,7.0,11575.0
2032.0,20210816,44.0,285,16,3.0,1282.0,1000.0,1.0,2.0,22160.0
2033.0,20210914,297.0,69,4,7.0,1000.0,1000.0,4.0,1.0,32266.0
2034.0,20210111,415.0,291,2,3.0,1000.0,1000.0,4.0,2.0,52122.0
2035.0,20200925,439.0,21,3,6.0,1000.0,1000.0,4.0,2.0,30304.0
2036.0,20210616,340.0,243,1,2.0,1025.0,1000.0,5.0,2.0,36046.0
2037.0,20211115,321.0,34,2,5.0,1182.0,1000.0,0.0,2.0,52621.0
2038.0,20200521,421.0,127,19,3.0,1000.0,1000.0,5.0,5.0,32936.0
2039.0,20210216,288.0,294,7,2.0,1401.0,1000.0,4.0,1.0,38482.0
2040.0,20210718,404.0,115,14,4.0,1000.0,1000.0,0.0,,52818.0
2041.0,20220215,434.0,294,17,3.0,1037.0,1000.0,3.0,7.0,36614.0
2042.0,20200311,110.0,260,17,1.0,1046.0,1000.0,2.0,3.0,33442.0
2043.0,20210110,256.0,288,8,7.0,1019.0,1000.0,0.0,1.0,46824.0
2044.0,20211227,171.0,264,6,8.0,1247.0,1000.0,4.0,1.0,32356.0
2045.0,20210119,66.0,97,10,2.0,1000.0,1000.0,1.0,5.0,44953.0
2046.0,20201002,271.0,162,2,7.0,1000.0,1000.0,1.0,2.0,51749.0
2047.0,20210215,127.0,74,3,2.0,1000.0,1000.0,3.0,2.0,38797.0
2048.0,20200702,444.0,282,4,1.0,1000.0,1000.0,0.0,8.0,51316.0
2049.0,20210323,132.0,46,3,5.0,1000.0,1000.0,2.0,4.0,6540.0
2050.0,,354.0,101,10,7.0,1000.0,1000.0,0.0,2.0,32080.0
2051.0,20201022,188.0,119,14,7.0,1044.0,1000.0,0.0,5.0,40884.0
2052.0,20210919,480.0,222,12,5.0,1000.0,1000.0,5.0,5.0,46745.0
2053.0,20200510,375.0,207,2,6.0,1000.0,1000.0,1.0,2.0,42739.0
2054.0,20210205,411.0,82,7,1.0,1000.0,1000.0,4.0,3.0,51418.0
2055.0,20200622,151.0,294,1,2.0,1146.0,1000.0,5.0,2.0,37345.0
2056.0,20211229,231.0,205,20,2.0,1273.0,1000.0,3.0,6.0,21202.0
2057.0,20220128,181.0,222,10,3.0,1212.0,1000.0,3.0,3.0,39855.0
2058.0,20200419,342.0,276,10,3.0,1198.0,1000.0,5.0,5.0,47195.0
2059.0,20200623,444.0,225,9,4.0,1000.0,1000.0,1.0,8.0,58304.0
2060.0,20210120,278.0,144,9,8.0,1351.0,1000.0,0.0,5.0,48760.0
2061.0,20220107,375.0,18,7,7.0,1000.0,1000.0,1.0,1.0,54380.0
2062.0,20201221,282.0,231,11,8.0,1000.0,1000.0,3.0,8.0,34068.0
2063.0,20210814,64.0,133,19,5.0,1074.0,1000.0,1.0,1.0,38339.0
2064.0,20211117,90.0,11,6,8.0,1128.0,1000.0,0.0,1.0,52825.0
2065.0,20210923,81.0,251,11,3.0,1288.0,1000.0,0.0,3.0,33259.0
2066.0,20200731,405.0,18,15,4.0,1000.0,1000.0,2.0,5.0,29984.0
2067.0,20210911,7.0,260,4,6.0,1000.0,1000.0,5.0,5.0,12182.0
2068.0,20210216,53.0,227,13,2.0,1293.0,1000.0,0.0,4.0,22633.0
2069.0,20210830,390.0,118,16,3.0,1004.0,1000.0,4.0,1.0,35653.0
2070.0,20200924,46.0,43,8,1.0,1000.0,1000.0,1.0,,21226.0
2071.0,20211213,419.0,57,13,5.0,1000.0,1000.0,4.0,6.0,12706.0
2072.0,20210309,244.0,106,18,4.0,1439.0,1000.0,3.0,7.0,21254.0
2073.0,20201106,285.0,85,12,3.0,1000.0,1000.0,1.0,5.0,20626.0
2074.0,20211117,206.0,297,18,1.0,1000.0,1000.0,2.0,2.0,44510.0
2075.0,20200813,275.0,111,13,4.0,1000.0,1000.0,0.0,2.0,8944.0
2076.0,20200329,193.0,230,20,2.0,1278.0,1000.0,0.0,5.0,28191.0
2077.0,20210930,354.0,183,14,4.0,1000.0,1000.0,0.0,7.0,51205.0
2078.0,20200331,322.0,123,7,3.0,1000.0,1000.0,4.0,2.0,15840.0
2079.0,20210403,378.0,226,15,8.0,1000.0,1000.0,2.0,8.0,31954.0
2080.0,20200806,162.0,255,18,2.0,1000.0,1000.0,0.0,1.0,26936.0
2081.0,20210907,156.0,154,5,5.0,1000.0,1000.0,1.0,3.0,21827.0
2082.0,20200214,330.0,153,16,3.0,1000.0,1000.0,0.0,4.0,33544.0
2083.0,20211222,115.0,168,4,1.0,1377.0,1000.0,3.0,2.0,35219.0
2084.0,20210401,323.0,230,7,3.0,1000.0,1000.0,2.0,3.0,47181.0
2085.0,20200719,322.0,30,9,1.0,1000.0,1000.0,5.0,5.0,50683.0
2086.0,20210330,260.0,113,11,6.0,1000.0,1000.0,5.0,7.0,21607.0
2087.0,20220310,187.0,267,20,8.0,1000.0,1000.0,3.0,6.0,27034.0
2088.0,20200616,251.0,135,4,2.0,1000.0,1000.0,0.0,6.0,36028.0
2089.0,20210917,459.0,224,14,7.0,1000.0,1000.0,1.0,8.0,27333.0
2090.0,20200831,195.0,177,6,3.0,1000.0,1000.0,0.0,6.0,10536.0
2091.0,20200407,416.0,232,5,3.0,1000.0,1000.0,0.0,2.0,37680.0
2092.0,20200312,472.0,126,1,2.0,1000.0,1000.0,0.0,6.0,10829.0
2093.0,20200902,11.0,103,5,6.0,1067.0,1000.0,5.0,1.0,37225.0
2094.0,20210130,396.0,210,10,7.0,1047.0,1000.0,3.0,8.0,22146.0
2095.0,20210321,298.0,34,15,2.0,1000.0,1000.0,5.0,5.0,39423.0
2096.0,20201204,182.0,203,6,5.0,1000.0,1000.0,0.0,2.0,22682.0
2097.0,20210426,120.0,274,4,3.0,1000.0,1000.0,2.0,1.0,59008.0
2098.0,20211114,212.0,240,18,8.0,1466.0,1000.0,1.0,2.0,58525.0
2099.0,20210815,307.0,45,17,4.0,1000.0,1000.0,4.0,2.0,27657.0
2100.0,,49.0,45,13,5.0,1000.0,1000.0,0.0,,31839.0
2101.0,20220126,445.0,180,11,2.0,1000.0,1000.0,4.0,2.0,13199.0
2102.0,20200415,336.0,73,18,3.0,1363.0,1000.0,5.0,1.0,15808.0
2103.0,20210625,368.0,159,2,2.0,1000.0,1000.0,3.0,1.0,44212.0
2104.0,20200913,484.0,247,6,8.0,1000.0,1000.0,5.0,6.0,19532.0
2105.0,20220215,130.0,102,15,7.0,1000.0,1000.0,3.0,2.0,9852.0
2106.0,20220114,318.0,134,12,6.0,1111.0,1000.0,1.0,1.0,28110.0
2107.0,20220213,496.0,268,6,4.0,1000.0,1000.0,0.0,6.0,55383.0
2108.0,20201117,456.0,93,11,6.0,1000.0,1000.0,5.0,5.0,51232.0
2109.0,20211205,72.0,15,20,1.0,1405.0,1000.0,2.0,2.0,27811.0
2110.0,20201028,396.0,13,17,6.0,1000.0,1000.0,2.0,6.0,50752.0
2111.0,20200616,482.0,206,15,3.0,1311.0,1000.0,0.0,1.0,56163.0
2112.0,20210527,320.0,298,4,5.0,1413.0,1000.0,4.0,4.0,56027.0
2113.0,20220221,228.0,144,14,7.0,1000.0,1000.0,3.0,6.0,14060.0
2114.0,20200530,160.0,37,16,8.0,1000.0,1000.0,4.0,3.0,48124.0
2115.0,20220110,474.0,286,9,4.0,1000.0,1000.0,2.0,8.0,42267.0
2116.0,20200611,224.0,50,3,5.0,1000.0,1000.0,4.0,6.0,34400.0
2117.0,20220110,138.0,99,6,7.0,1000.0,1000.0,1.0,8.0,55797.0
2118.0,20200701,358.0,90,17,8.0,1000.0,1000.0,1.0,3.0,42327.0
2119.0,20210709,458.0,11,5,4.0,1000.0,1000.0,3.0,5.0,57928.0
2120.0,20201027,500.0,235,12,1.0,1000.0,1000.0,0.0,1.0,5903.0
2121.0,20210802,350.0,89,18,8.0,1000.0,1000.0,3.0,2.0,31130.0
2122.0,20201223,320.0,11,5,4.0,1198.0,1000.0,1.0,2.0,21665.0
2123.0,20210807,388.0,279,7,5.0,1470.0,1000.0,1.0,7.0,17897.0
2124.0,20211119,76.0,57,6,4.0,1000.0,1000.0,3.0,8.0,57569.0
2125.0,20200728,135.0,131,7,3.0,1446.0,1000.0,0.0,7.0,48171.0
2126.0,20200202,3.0,282,14,4.0,1408.0,1000.0,3.0,6.0,19574.0
2127.0,20210925,257.0,109,2,8.0,1000.0,1000.0,1.0,7.0,15141.0
2128.0,20210910,144.0,277,9,1.0,1356.0,1000.0,2.0,2.0,34242.0
2129.0,20220110,165.0,170,16,6.0,1000.0,1000.0,3.0,8.0,39037.0
2130.0,20200927,459.0,264,8,1.0,1000.0,1000.0,1.0,,45437.0
2131.0,20200922,321.0,100,12,1.0,1143.0,1000.0,0.0,8.0,50991.0
2132.0,20200920,187.0,290,16,8.0,1000.0,1000.0,5.0,5.0,33106.0
2133.0,20200819,426.0,236,13,7.0,1000.0,1000.0,1.0,2.0,12864.0
2134.0,20200314,280.0,180,15,2.0,1000.0,1000.0,2.0,4.0,6081.0
2135.0,20200802,68.0,83,4,8.0,1092.0,1000.0,5.0,4.0,40529.0
2136.0,20210424,82.0,214,15,8.0,1000.0,1000.0,4.0,8.0,23771.0
2137.0,20210804,460.0,32,20,7.0,1000.0,1000.0,2.0,6.0,20822.0
2138.0,20200427,388.0,2,16,2.0,1000.0,1000.0,0.0,3.0,17187.0
2139.0,20211031,163.0,29,6,2.0,1000.0,1000.0,1.0,3.0,24016.0
2140.0,20200417,145.0,225,13,8.0,1033.0,1000.0,2.0,8.0,29630.0
2141.0,20201220,44.0,288,17,3.0,1339.0,1000.0,1.0,2.0,28942.0
2142.0,20200305,223.0,245,11,2.0,1000.0,1000.0,3.0,5.0,6839.0
2143.0,20210128,371.0,51,9,3.0,1000.0,1000.0,0.0,7.0,33248.0
2144.0,20200226,467.0,239,6,4.0,1000.0,1000.0,0.0,2.0,24862.0
2145.0,20210620,378.0,53,11,7.0,1253.0,1000.0,4.0,6.0,31420.0
2146.0,20211110,277.0,149,2,6.0,1291.0,1000.0,1.0,3.0,16449.0
2147.0,20211208,173.0,128,12,2.0,1000.0,1000.0,1.0,5.0,56223.0
2148.0,20200701,220.0,241,16,8.0,1000.0,1000.0,4.0,8.0,45731.0
2149.0,20211015,473.0,154,7,1.0,1284.0,1000.0,0.0,6.0,24903.0
2150.0,,129.0,13,13,3.0,1318.0,1000.0,0.0,7.0,7224.0
2151.0,20210929,364.0,69,16,3.0,1000.0,1000.0,2.0,5.0,19998.0
2152.0,20210217,173.0,54,6,8.0,1341.0,1000.0,1.0,3.0,32645.0
2153.0,20210202,172.0,26,16,8.0,1000.0,1000.0,4.0,5.0,51215.0
2154.0,20200425,244.0,100,10,3.0,1072.0,1000.0,5.0,5.0,54334.0
2155.0,20210522,484.0,119,11,3.0,1000.0,1000.0,2.0,1.0,58885.0
2156.0,20210923,189.0,65,18,8.0,1000.0,1000.0,0.0,4.0,15528.0
2157.0,20210101,123.0,249,8,6.0,1203.0,1000.0,1.0,7.0,33493.0
2158.0,20210625,165.0,107,2,5.0,1350.0,1000.0,3.0,8.0,41747.0
2159.0,20201019,7.0,261,13,7.0,1000.0,1000.0,5.0,3.0,58279.0
2160.0,20210204,449.0,294,11,2.0,1000.0,1000.0,0.0,,39768.0
2161.0,20220310,13.0,57,15,1.0,1071.0,1000.0,5.0,8.0,40887.0
2162.0,20200614,389.0,104,8,2.0,1000.0,1000.0,1.0,2.0,29888.0
2163.0,20220111,144.0,288,7,7.0,1000.0,1000.0,4.0,6.0,47960.0
2164.0,20200623,342.0,9,9,2.0,1000.0,1000.0,5.0,8.0,8806.0
2165.0,20210203,173.0,149,9,5.0,1488.0,1000.0,5.0,7.0,6453.0
2166.0,20200408,435.0,148,2,3.0,1000.0,1000.0,0.0,5.0,16488.0
2167.0,20220121,178.0,170,6,7.0,1159.0,1000.0,3.0,3.0,45635.0
2168.0,20210521,111.0,211,5,1.0,1000.0,1000.0,3.0,8.0,6520.0
2169.0,20220114,21.0,157,5,4.0,1000.0,1000.0,5.0,3.0,27105.0
2170.0,20201207,30.0,218,5,4.0,1184.0,1000.0,1.0,6.0,53473.0
2171.0,20220111,152.0,44,19,6.0,1000.0,1000.0,0.0,4.0,58736.0
2172.0,20220113,131.0,22,13,7.0,1000.0,1000.0,0.0,7.0,39247.0
2173.0,20210209,181.0,240,19,6.0,1000.0,1000.0,2.0,5.0,14018.0
2174.0,20200502,440.0,96,6,3.0,1000.0,1000.0,3.0,4.0,12877.0
2175.0,20201122,91.0,130,7,1.0,1307.0,1000.0,0.0,8.0,47610.0
2176.0,20220203,222.0,112,17,1.0,1000.0,1000.0,2.0,4.0,51691.0
2177.0,20210724,252.0,262,5,6.0,1000.0,1000.0,2.0,2.0,51962.0
2178.0,20200509,178.0,181,18,6.0,1000.0,1000.0,3.0,8.0,5513.0
2179.0,20210330,422.0,41,12,3.0,1138.0,1000.0,1.0,1.0,27498.0
2180.0,20200704,137.0,127,20,6.0,1000.0,1000.0,4.0,3.0,27288.0
2181.0,20211030,487.0,232,8,6.0,1000.0,1000.0,0.0,1.0,47338.0
2182.0,20200901,335.0,144,15,7.0,1000.0,1000.0,0.0,4.0,12159.0
2183.0,20200507,281.0,55,1,4.0,1000.0,1000.0,2.0,8.0,12180.0
2184.0,20220108,333.0,285,7,7.0,1000.0,1000.0,5.0,5.0,52802.0
2185.0,20210102,453.0,178,5,5.0,1197.0,1000.0,2.0,3.0,34407.0
2186.0,20201017,303.0,99,13,5.0,1000.0,1000.0,2.0,8.0,11739.0
2187.0,20200720,10.0,266,9,5.0,1000.0,1000.0,3.0,3.0,26789.0
2188.0,20200226,435.0,114,9,6.0,1000.0,1000.0,1.0,8.0,52728.0
2189.0,20200804,172.0,72,2,3.0,1000.0,1000.0,5.0,5.0,29440.0
2190.0,20200304,471.0,108,14,6.0,1000.0,1000.0,1.0,,9646.0
2191.0,20210808,311.0,296,10,8.0,1000.0,1000.0,5.0,4.0,10815.0
2192.0,20200521,258.0,279,8,7.0,1000.0,1000.0,3.0,8.0,34904.0
2193.0,20211213,3.0,183,9,5.0,1275.0,1000.0,0.0,1.0,35017.0
2194.0,20200513,183.0,116,12,6.0,1000.0,1000.0,4.0,4.0,8454.0
2195.0,20210316,305.0,154,15,8.0,1000.0,1000.0,2.0,8.0,57349.0
2196.0,20210705,297.0,197,20,4.0,1302.0,1000.0,1.0,7.0,50115.0
2197.0,20210503,338.0,264,17,7.0,1000.0,1000.0,2.0,3.0,30813.0
2198.0,20210630,386.0,256,11,2.0,1056.0,1000.0,5.0,3.0,30590.0
2199.0,20200624,41.0,160,12,3.0,1009.0,1000.0,2.0,8.0,49793.0
2200.0,,142.0,115,1,2.0,1239.0,1000.0,0.0,6.0,8446.0
2201.0,20210819,263.0,37,9,1.0,1000.0,1000.0,3.0,6.0,42256.0
2202.0,20210729,435.0,257,18,5.0,1129.0,1000.0,3.0,6.0,44469.0
2203.0,20200314,459.0,105,8,8.0,1000.0,1000.0,1.0,2.0,33341.0
2204.0,20210623,83.0,260,2,5.0,1000.0,1000.0,2.0,7.0,57830.0
2205.0,20210820,217.0,258,8,6.0,1000.0,1000.0,3.0,7.0,52941.0
2206.0,20200524,12.0,127,10,7.0,1395.0,1000.0,2.0,1.0,34891.0
2207.0,20220106,146.0,207,14,2.0,1000.0,1000.0,0.0,3.0,57184.0
2208.0,20200902,338.0,72,4,3.0,1000.0,1000.0,2.0,4.0,26964.0
2209.0,20220226,396.0,230,20,4.0,1112.0,1000.0,5.0,5.0,26043.0
2210.0,20220130,453.0,243,2,5.0,1000.0,1000.0,5.0,4.0,40784.0
2211.0,20210827,431.0,76,18,7.0,1000.0,1000.0,0.0,5.0,52147.0
2212.0,20210624,483.0,32,12,5.0,1478.0,1000.0,3.0,3.0,15756.0
2213.0,20220301,477.0,121,17,2.0,1370.0,1000.0,3.0,3.0,47854.0
2214.0,20220227,459.0,255,3,5.0,1000.0,1000.0,4.0,5.0,14087.0
2215.0,20210621,137.0,154,16,2.0,1126.0,1000.0,2.0,2.0,5694.0
2216.0,20210913,150.0,123,1,8.0,1000.0,1000.0,1.0,5.0,23455.0
2217.0,20210524,459.0,34,3,8.0,1000.0,1000.0,5.0,2.0,8804.0
2218.0,20200404,486.0,48,12,5.0,1000.0,1000.0,5.0,3.0,57043.0
2219.0,20200314,426.0,259,12,1.0,1000.0,1000.0,4.0,5.0,36415.0
2220.0,20210825,108.0,12,13,8.0,1212.0,1000.0,3.0,,49782.0
2221.0,20200907,473.0,38,1,1.0,1083.0,1000.0,5.0,2.0,53603.0
2222.0,20200325,416.0,190,17,8.0,1140.0,1000.0,4.0,2.0,51869.0
2223.0,20201210,386.0,258,10,3.0,1000.0,1000.0,5.0,2.0,37825.0
2224.0,20200928,61.0,185,5,6.0,1000.0,1000.0,0.0,2.0,16545.0
2225.0,20220227,417.0,105,2,7.0,1000.0,1000.0,0.0,4.0,17069.0
2226.0,20201229,490.0,144,20,7.0,1000.0,1000.0,4.0,8.0,58848.0
2227.0,20211107,228.0,39,18,7.0,1000.0,1000.0,0.0,4.0,45413.0
2228.0,20200824,403.0,238,18,6.0,1000.0,1000.0,3.0,6.0,40370.0
2229.0,20210116,43.0,273,5,4.0,1000.0,1000.0,5.0,1.0,51371.0
2230.0,20201214,428.0,82,19,7.0,1000.0,1000.0,0.0,4.0,45479.0
2231.0,20210119,344.0,78,15,1.0,1000.0,1000.0,0.0,3.0,50261.0
2232.0,20201125,200.0,265,7,8.0,1000.0,1000.0,1.0,2.0,9602.0
2233.0,20210617,60.0,154,18,1.0,1000.0,1000.0,2.0,8.0,27062.0
2234.0,20210711,457.0,182,17,1.0,1000.0,1000.0,1.0,5.0,29959.0
2235.0,20201127,115.0,179,17,6.0,1000.0,1000.0,4.0,1.0,25459.0
2236.0,20200622,313.0,134,6,4.0,1076.0,1000.0,5.0,1.0,38274.0
2237.0,20211124,51.0,259,11,6.0,1000.0,1000.0,5.0,2.0,40005.0
2238.0,20200626,445.0,34,5,4.0,1000.0,1000.0,0.0,6.0,26107.0
2239.0,20201123,178.0,201,4,4.0,1390.0,1000.0,4.0,6.0,51054.0
2240.0,20210929,54.0,133,15,2.0,1000.0,1000.0,0.0,4.0,36132.0
2241.0,20201121,426.0,119,16,7.0,1000.0,1000.0,2.0,5.0,16253.0
2242.0,20200909,395.0,277,6,7.0,1000.0,1000.0,1.0,6.0,14419.0
2243.0,20210716,51.0,205,17,1.0,1000.0,1000.0,2.0,4.0,45690.0
2244.0,20200716,364.0,173,5,7.0,1000.0,1000.0,5.0,2.0,32025.0
2245.0,20200808,199.0,225,15,4.0,1000.0,1000.0,0.0,8.0,52929.0
2246.0,20211004,403.0,199,15,8.0,1000.0,1000.0,5.0,3.0,18618.0
2247.0,20210530,363.0,111,12,2.0,1124.0,1000.0,3.0,4.0,26519.0
2248.0,20210126,379.0,60,10,1.0,1405.0,1000.0,4.0,7.0,55833.0
2249.0,20210327,479.0,51,18,7.0,1000.0,1000.0,5.0,4.0,29389.0
2250.0,,66.0,244,15,4.0,1000.0,1000.0,0.0,,25799.0
2251.0,20200204,470.0,77,16,3.0,1415.0,1000.0,3.0,1.0,13592.0
2252.0,20200627,456.0,288,10,1.0,1000.0,1000.0,1.0,8.0,58369.0
2253.0,20210810,27.0,153,7,4.0,1185.0,1000.0,1.0,8.0,24430.0
2254.0,20201218,86.0,228,15,4.0,1263.0,1000.0,4.0,5.0,35888.0
2255.0,20220118,57.0,257,16,2.0,1000.0,1000.0,3.0,3.0,15495.0
2256.0,20220105,8.0,13,7,4.0,1000.0,1000.0,2.0,7.0,17185.0
2257.0,20220227,325.0,56,1,3.0,1000.0,1000.0,1.0,8.0,55882.0
2258.0,20220202,200.0,164,10,7.0,1356.0,1000.0,4.0,2.0,23792.0
2259.0,20210321,355.0,101,17,1.0,1000.0,1000.0,2.0,1.0,21898.0
2260.0,20210620,156.0,297,14,1.0,1000.0,1000.0,5.0,1.0,27042.0
2261.0,20210105,98.0,278,7,8.0,1000.0,1000.0,5.0,5.0,48758.0
2262.0,20211129,489.0,100,10,3.0,1000.0,1000.0,5.0,4.0,19627.0
2263.0,20210720,133.0,288,6,8.0,1000.0,1000.0,4.0,5.0,12143.0
2264.0,20210512,171.0,215,9,2.0,1000.0,1000.0,0.0,4.0,26463.0
2265.0,20200311,326.0,105,4,1.0,1000.0,1000.0,3.0,4.0,52081.0
2266.0,20201223,364.0,3,5,2.0,1000.0,1000.0,4.0,1.0,19193.0
2267.0,20200216,332.0,264,7,7.0,1116.0,1000.0,1.0,3.0,40190.0
2268.0,20210808,375.0,172,4,6.0,1000.0,1000.0,3.0,2.0,13735.0
2269.0,20211012,272.0,29,4,7.0,1000.0,1000.0,2.0,6.0,45198.0
2270.0,20201031,228.0,54,20,4.0,1000.0,1000.0,0.0,6.0,7823.0
2271.0,20201226,413.0,257,20,6.0,1000.0,1000.0,4.0,3.0,56667.0
2272.0,20210906,199.0,297,2,1.0,1401.0,1000.0,2.0,4.0,6310.0
2273.0,20200829,84.0,297,2,4.0,1000.0,1000.0,3.0,3.0,29494.0
2274.0,20220119,113.0,128,1,3.0,1000.0,1000.0,4.0,5.0,25318.0
2275.0,20200215,332.0,264,3,6.0,1000.0,1000.0,0.0,1.0,45621.0
2276.0,20220122,325.0,172,15,2.0,1000.0,1000.0,5.0,3.0,9936.0
2277.0,20210409,228.0,285,7,6.0,1410.0,1000.0,1.0,7.0,40136.0
2278.0,20210513,447.0,218,13,7.0,1000.0,1000.0,2.0,1.0,50075.0
2279.0,20200408,269.0,242,2,1.0,1000.0,1000.0,3.0,3.0,26879.0
2280.0,20200930,396.0,15,20,3.0,1000.0,1000.0,0.0,,15858.0
2281.0,20200923,333.0,45,3,4.0,1000.0,1000.0,2.0,6.0,52278.0
2282.0,20211213,360.0,209,14,6.0,1172.0,1000.0,1.0,2.0,44292.0
2283.0,20210421,227.0,139,2,8.0,1000.0,1000.0,2.0,5.0,31468.0
2284.0,20220205,153.0,127,15,1.0,1000.0,1000.0,3.0,7.0,56985.0
2285.0,20210528,370.0,115,9,8.0,1086.0,1000.0,1.0,5.0,59691.0
2286.0,20210504,366.0,299,17,8.0,1347.0,1000.0,4.0,1.0,41636.0
2287.0,20200625,218.0,242,17,4.0,1000.0,1000.0,4.0,2.0,16951.0
2288.0,20200523,14.0,173,16,5.0,1000.0,1000.0,1.0,4.0,17655.0
2289.0,20200302,195.0,65,18,8.0,1000.0,1000.0,2.0,1.0,25408.0
2290.0,20200911,185.0,280,5,7.0,1229.0,1000.0,2.0,1.0,42923.0
2291.0,20211117,162.0,292,11,3.0,1000.0,1000.0,1.0,1.0,15532.0
2292.0,20210721,419.0,276,12,3.0,1000.0,1000.0,2.0,4.0,19585.0
2293.0,20211115,486.0,194,10,7.0,1000.0,1000.0,2.0,2.0,12138.0
2294.0,20210314,393.0,169,1,6.0,1251.0,1000.0,5.0,7.0,11286.0
2295.0,20200919,444.0,146,5,8.0,1000.0,1000.0,3.0,8.0,24146.0
2296.0,20201217,448.0,191,7,7.0,1238.0,1000.0,4.0,6.0,27758.0
2297.0,20210819,486.0,233,15,4.0,1000.0,1000.0,2.0,8.0,31391.0
2298.0,20220128,111.0,47,7,7.0,1393.0,1000.0,4.0,8.0,28356.0
2299.0,20200310,497.0,117,12,5.0,1289.0,1000.0,3.0,1.0,43556.0
2300.0,,52.0,197,16,3.0,1000.0,1000.0,0.0,7.0,57210.0
2301.0,20200816,265.0,90,5,5.0,1000.0,1000.0,4.0,5.0,52471.0
2302.0,20200414,366.0,240,19,1.0,1000.0,1000.0,4.0,7.0,27757.0
2303.0,20200823,468.0,85,11,6.0,1000.0,1000.0,0.0,7.0,57060.0
2304.0,20201209,178.0,245,9,8.0,1414.0,1000.0,0.0,1.0,23388.0
2305.0,20210721,428.0,220,16,7.0,1067.0,1000.0,5.0,6.0,38255.0
2306.0,20211010,116.0,204,14,6.0,1347.0,1000.0,4.0,1.0,14134.0
2307.0,20220126,52.0,122,8,1.0,1000.0,1000.0,0.0,1.0,53539.0
2308.0,20200830,240.0,291,15,5.0,1000.0,1000.0,2.0,6.0,5648.0
2309.0,20200424,59.0,248,13,7.0,1000.0,1000.0,1.0,4.0,49533.0
2310.0,20210114,32.0,10,16,5.0,1383.0,1000.0,4.0,,19894.0
2311.0,20210309,57.0,41,6,8.0,1000.0,1000.0,3.0,3.0,15460.0
2312.0,20220107,93.0,136,13,3.0,1000.0,1000.0,2.0,4.0,54066.0
2313.0,20210121,481.0,288,10,3.0,1000.0,1000.0,5.0,3.0,8634.0
2314.0,20200526,270.0,20,4,7.0,1025.0,1000.0,4.0,1.0,53942.0
2315.0,20210904,115.0,221,16,6.0,1000.0,1000.0,4.0,2.0,47560.0
2316.0,20200803,117.0,246,16,1.0,1000.0,1000.0,5.0,3.0,11391.0
2317.0,20200213,9.0,274,19,4.0,1225.0,1000.0,1.0,3.0,20058.0
2318.0,20200421,28.0,247,19,4.0,1000.0,1000.0,4.0,7.0,38051.0
2319.0,20200214,460.0,12,20,1.0,1091.0,1000.0,5.0,6.0,25208.0
2320.0,20200604,486.0,35,9,4.0,1043.0,1000.0,0.0,6.0,52033.0
2321.0,20210104,285.0,260,4,6.0,1000.0,1000.0,0.0,1.0,41642.0
2322.0,20210111,382.0,230,11,3.0,1000.0,1000.0,3.0,2.0,5757.0
2323.0,20200703,434.0,61,9,7.0,1000.0,1000.0,4.0,1.0,37341.0
2324.0,20210114,25.0,139,10,5.0,1000.0,1000.0,4.0,6.0,15578.0
2325.0,20200601,138.0,210,10,8.0,1327.0,1000.0,0.0,6.0,48704.0
2326.0,20200928,309.0,185,20,2.0,1000.0,1000.0,1.0,8.0,41151.0
2327.0,20210529,265.0,100,10,8.0,1086.0,1000.0,1.0,6.0,53090.0
2328.0,20200218,112.0,84,20,5.0,1000.0,1000.0,2.0,4.0,31010.0
2329.0,20211101,298.0,119,4,1.0,1233.0,1000.0,0.0,6.0,34322.0
2330.0,20210802,454.0,85,2,4.0,1000.0,1000.0,5.0,2.0,38558.0
2331.0,20201129,420.0,159,12,1.0,1419.0,1000.0,3.0,6.0,28240.0
2332.0,20210407,209.0,115,8,4.0,1000.0,1000.0,5.0,6.0,9862.0
2333.0,20200427,11.0,80,17,8.0,1350.0,1000.0,0.0,8.0,31474.0
2334.0,20220212,486.0,264,9,6.0,1000.0,1000.0,1.0,1.0,22853.0
2335.0,20211214,234.0,51,6,7.0,1000.0,1000.0,1.0,6.0,13795.0
2336.0,20210801,27.0,250,4,2.0,1113.0,1000.0,5.0,8.0,17788.0
2337.0,20200423,392.0,234,11,6.0,1000.0,1000.0,1.0,1.0,42719.0
2338.0,20210223,487.0,47,18,3.0,1000.0,1000.0,4.0,7.0,5510.0
2339.0,20210829,283.0,129,20,7.0,1000.0,1000.0,2.0,1.0,10367.0
2340.0,20200801,387.0,168,1,3.0,1354.0,1000.0,0.0,,13958.0
2341.0,20210928,398.0,95,6,1.0,1000.0,1000.0,1.0,3.0,18626.0
2342.0,20201218,21.0,234,13,4.0,1109.0,1000.0,0.0,6.0,26208.0
2343.0,20200601,326.0,293,8,6.0,1000.0,1000.0,2.0,5.0,47620.0
2344.0,20220224,61.0,153,19,5.0,1000.0,1000.0,2.0,4.0,42539.0
2345.0,20210105,174.0,267,6,5.0,1000.0,1000.0,2.0,1.0,28294.0
2346.0,20201109,51.0,270,15,4.0,1000.0,1000.0,0.0,4.0,29956.0
2347.0,20200307,279.0,116,1,5.0,1000.0,1000.0,0.0,7.0,31922.0
2348.0,20201213,444.0,224,13,4.0,1335.0,1000.0,0.0,7.0,17200.0
2349.0,20200422,413.0,114,5,4.0,1329.0,1000.0,5.0,8.0,56281.0
2350.0,,490.0,287,1,2.0,1270.0,1000.0,0.0,2.0,48504.0
2351.0,20201126,93.0,252,9,3.0,1341.0,1000.0,5.0,8.0,16661.0
2352.0,20200502,189.0,265,17,1.0,1000.0,1000.0,1.0,7.0,8967.0
2353.0,20200921,433.0,57,12,8.0,1139.0,1000.0,2.0,5.0,19851.0
2354.0,20220123,211.0,254,3,8.0,1000.0,1000.0,2.0,5.0,14152.0
2355.0,20210111,191.0,77,16,8.0,1000.0,1000.0,0.0,4.0,21865.0
2356.0,20211024,99.0,158,1,2.0,1000.0,1000.0,0.0,6.0,54732.0
2357.0,20201128,242.0,279,5,8.0,1000.0,1000.0,0.0,5.0,35988.0
2358.0,20200825,286.0,289,3,2.0,1000.0,1000.0,3.0,6.0,5208.0
2359.0,20200903,303.0,239,2,4.0,1000.0,1000.0,0.0,4.0,23198.0
2360.0,20200901,157.0,157,16,7.0,1449.0,1000.0,0.0,2.0,45961.0
2361.0,20210920,272.0,48,6,6.0,1000.0,1000.0,4.0,4.0,48030.0
2362.0,20200725,300.0,169,12,3.0,1000.0,1000.0,5.0,8.0,17322.0
2363.0,20201125,30.0,262,15,2.0,1000.0,1000.0,2.0,5.0,38277.0
2364.0,20210504,234.0,201,19,6.0,1186.0,1000.0,0.0,1.0,12453.0
2365.0,20210609,246.0,48,20,5.0,1000.0,1000.0,1.0,5.0,5686.0
2366.0,20220212,15.0,266,20,6.0,1000.0,1000.0,4.0,8.0,6444.0
2367.0,20210715,500.0,268,19,8.0,1000.0,1000.0,2.0,7.0,41072.0
2368.0,20210823,92.0,12,15,4.0,1000.0,1000.0,1.0,2.0,40600.0
2369.0,20210223,284.0,47,7,2.0,1489.0,1000.0,3.0,7.0,42443.0
2370.0,20200622,163.0,149,10,1.0,1000.0,1000.0,0.0,,11968.0
2371.0,20210120,217.0,281,9,5.0,1000.0,1000.0,5.0,1.0,23019.0
2372.0,20220115,2.0,294,19,7.0,1000.0,1000.0,5.0,3.0,51905.0
2373.0,20200618,228.0,67,12,8.0,1000.0,1000.0,3.0,1.0,38201.0
2374.0,20200204,394.0,265,17,4.0,1000.0,1000.0,4.0,4.0,34621.0
2375.0,20200307,356.0,268,6,1.0,1000.0,1000.0,0.0,3.0,53772.0
2376.0,20201116,154.0,89,5,5.0,1000.0,1000.0,0.0,6.0,58933.0
2377.0,20210622,398.0,135,4,3.0,1000.0,1000.0,4.0,6.0,53937.0
2378.0,20210815,158.0,177,20,1.0,1000.0,1000.0,3.0,4.0,16205.0
2379.0,20201017,405.0,276,14,7.0,1000.0,1000.0,2.0,5.0,27607.0
2380.0,20210418,14.0,43,6,2.0,1468.0,1000.0,0.0,3.0,31784.0
2381.0,20210219,376.0,93,1,2.0,1248.0,1000.0,2.0,6.0,53958.0
2382.0,20211211,463.0,153,10,1.0,1000.0,1000.0,3.0,7.0,8118.0
2383.0,20200624,159.0,137,10,7.0,1000.0,1000.0,1.0,2.0,23247.0
2384.0,20200923,13.0,238,20,2.0,1000.0,1000.0,5.0,5.0,14370.0
2385.0,20210401,153.0,251,5,1.0,1466.0,1000.0,2.0,5.0,19555.0
2386.0,20210414,327.0,144,20,6.0,1000.0,1000.0,3.0,8.0,45606.0
2387.0,20210320,140.0,240,13,6.0,1043.0,1000.0,2.0,4.0,15881.0
2388.0,20200523,155.0,73,7,3.0,1000.0,1000.0,5.0,1.0,59830.0
2389.0,20211024,28.0,172,3,2.0,1248.0,1000.0,1.0,1.0,7383.0
2390.0,20201018,165.0,235,16,4.0,1000.0,1000.0,0.0,3.0,52531.0
2391.0,20220214,358.0,153,19,3.0,1000.0,1000.0,5.0,8.0,12288.0
2392.0,20201226,222.0,201,18,6.0,1000.0,1000.0,3.0,2.0,23805.0
2393.0,20210915,137.0,63,11,8.0,1000.0,1000.0,0.0,4.0,36340.0
2394.0,20210217,8.0,89,12,2.0,1000.0,1000.0,4.0,3.0,25336.0
2395.0,20210222,102.0,131,7,7.0,1000.0,1000.0,1.0,2.0,50583.0
2396.0,20220204,68.0,5,9,6.0,1232.0,1000.0,2.0,4.0,18835.0
2397.0,20211028,492.0,126,12,7.0,1000.0,1000.0,0.0,7.0,41607.0
2398.0,20200623,382.0,193,20,2.0,1000.0,1000.0,5.0,7.0,31465.0
2399.0,20200905,227.0,100,17,2.0,1332.0,1000.0,5.0,4.0,51573.0
2400.0,,184.0,98,6,4.0,1267.0,1000.0,0.0,,48104.0
2401.0,20210516,238.0,145,9,5.0,1051.0,1000.0,0.0,7.0,40802.0
2402.0,20210928,265.0,160,1,4.0,1000.0,1000.0,4.0,6.0,32500.0
2403.0,20211210,367.0,8,17,4.0,1000.0,1000.0,5.0,3.0,35186.0
2404.0,20211010,254.0,64,4,6.0,1000.0,1000.0,5.0,8.0,56077.0
2405.0,20200821,357.0,1,4,3.0,1000.0,1000.0,5.0,6.0,26362.0
2406.0,20210808,314.0,47,6,3.0,1344.0,1000.0,4.0,1.0,24861.0
2407.0,20200815,235.0,22,12,3.0,1028.0,1000.0,0.0,6.0,10437.0
2408.0,20220119,319.0,222,2,3.0,1000.0,1000.0,2.0,3.0,45068.0
2409.0,20200804,225.0,248,12,1.0,1000.0,1000.0,5.0,7.0,34355.0
2410.0,20211223,123.0,128,7,6.0,1000.0,1000.0,3.0,6.0,47541.0
2411.0,20210329,426.0,62,14,7.0,1000.0,1000.0,0.0,7.0,30766.0
2412.0,20211214,125.0,265,4,7.0,1000.0,1000.0,1.0,8.0,30576.0
2413.0,20200709,376.0,64,1,8.0,1046.0,1000.0,2.0,5.0,49009.0
2414.0,20201021,384.0,290,20,8.0,1000.0,1000.0,0.0,2.0,26289.0
2415.0,20200804,434.0,169,15,6.0,1000.0,1000.0,5.0,2.0,9886.0
2416.0,20211111,394.0,223,7,6.0,1000.0,1000.0,2.0,1.0,30168.0
2417.0,20200325,391.0,6,10,7.0,1000.0,1000.0,5.0,1.0,22918.0
2418.0,20201224,104.0,265,7,4.0,1000.0,1000.0,0.0,5.0,41189.0
2419.0,20210330,422.0,54,12,3.0,1224.0,1000.0,4.0,5.0,26302.0
2420.0,20210424,387.0,208,20,5.0,1000.0,1000.0,4.0,4.0,5324.0
2421.0,20210101,238.0,284,20,5.0,1030.0,1000.0,4.0,3.0,41448.0
2422.0,20200418,217.0,7,20,2.0,1139.0,1000.0,1.0,5.0,23163.0
2423.0,20201219,358.0,130,13,5.0,1000.0,1000.0,5.0,3.0,9643.0
2424.0,20200430,209.0,175,1,6.0,1000.0,1000.0,3.0,6.0,26360.0
2425.0,20200420,483.0,220,10,4.0,1000.0,1000.0,0.0,8.0,21191.0
2426.0,20200723,46.0,50,11,1.0,1000.0,1000.0,5.0,5.0,58745.0
2427.0,20200919,221.0,243,4,3.0,1303.0,1000.0,3.0,6.0,19634.0
2428.0,20210322,355.0,225,8,8.0,1314.0,1000.0,5.0,4.0,41034.0
2429.0,20200529,15.0,185,14,8.0,1000.0,1000.0,0.0,6.0,53385.0
2430.0,20210309,352.0,150,17,5.0,1000.0,1000.0,5.0,,11222.0
2431.0,20201202,245.0,167,12,4.0,1189.0,1000.0,2.0,7.0,55330.0
2432.0,20210612,386.0,148,8,2.0,1000.0,1000.0,0.0,6.0,49186.0
2433.0,20220110,388.0,257,5,1.0,1196.0,1000.0,2.0,4.0,6168.0
2434.0,20210518,493.0,288,13,8.0,1000.0,1000.0,1.0,6.0,54732.0
2435.0,20220128,139.0,295,3,2.0,1000.0,1000.0,5.0,2.0,38634.0
2436.0,20211212,215.0,241,16,1.0,1298.0,1000.0,3.0,6.0,41302.0
2437.0,20200831,47.0,300,1,7.0,1000.0,1000.0,4.0,6.0,41477.0
2438.0,20220109,404.0,42,9,8.0,1000.0,1000.0,1.0,3.0,42612.0
2439.0,20201228,357.0,278,10,7.0,1000.0,1000.0,3.0,2.0,16586.0
2440.0,20200719,174.0,34,4,5.0,1452.0,1000.0,0.0,1.0,7956.0
2441.0,20200927,350.0,198,20,1.0,1430.0,1000.0,1.0,8.0,13283.0
2442.0,20220303,496.0,173,9,5.0,1000.0,1000.0,1.0,6.0,24028.0
2443.0,20200722,491.0,131,3,3.0,1143.0,1000.0,2.0,4.0,5707.0
2444.0,20211104,179.0,219,4,2.0,1000.0,1000.0,0.0,3.0,10007.0
2445.0,20200516,417.0,61,2,2.0,1157.0,1000.0,4.0,3.0,6171.0
2446.0,20210828,440.0,262,18,3.0,1254.0,1000.0,3.0,7.0,37784.0
2447.0,20210822,19.0,235,9,7.0,1113.0,1000.0,4.0,8.0,6918.0
2448.0,20210610,451.0,75,9,1.0,1000.0,1000.0,2.0,7.0,32300.0
2449.0,20201105,347.0,269,11,2.0,1000.0,1000.0,1.0,8.0,8814.0
2450.0,,260.0,37,14,2.0,1070.0,1000.0,0.0,7.0,12625.0
2451.0,20200729,50.0,132,19,1.0,1000.0,1000.0,5.0,1.0,57552.0
2452.0,20210730,377.0,139,3,5.0,1447.0,1000.0,5.0,1.0,46636.0
2453.0,20200926,19.0,260,14,8.0,1427.0,1000.0,0.0,6.0,27148.0
2454.0,20220111,173.0,16,10,2.0,1476.0,1000.0,1.0,3.0,30639.0
2455.0,20200604,458.0,64,5,1.0,1000.0,1000.0,5.0,6.0,59987.0
2456.0,20220308,149.0,69,13,1.0,1000.0,1000.0,0.0,8.0,52379.0
2457.0,20210629,132.0,56,4,2.0,1000.0,1000.0,3.0,4.0,29322.0
2458.0,20211113,229.0,54,16,7.0,1200.0,1000.0,1.0,4.0,13121.0
2459.0,20210427,449.0,277,14,1.0,1000.0,1000.0,1.0,1.0,22766.0
2460.0,20220117,348.0,53,3,5.0,1000.0,1000.0,4.0,,26014.0
2461.0,20220205,388.0,174,10,5.0,1126.0,1000.0,2.0,7.0,48222.0
2462.0,20210908,498.0,200,16,8.0,1000.0,1000.0,4.0,4.0,39100.0
2463.0,20200811,37.0,7,17,2.0,1000.0,1000.0,1.0,4.0,52669.0
2464.0,20211120,371.0,92,10,3.0,1000.0,1000.0,0.0,1.0,13362.0
2465.0,20200916,273.0,292,4,3.0,1000.0,1000.0,1.0,3.0,40090.0
2466.0,20220224,283.0,152,11,1.0,1270.0,1000.0,3.0,6.0,57217.0
2467.0,20210102,293.0,279,6,1.0,1000.0,1000.0,0.0,5.0,5673.0
2468.0,20200630,316.0,210,11,5.0,1272.0,1000.0,1.0,1.0,46160.0
2469.0,20210708,197.0,52,2,1.0,1000.0,1000.0,2.0,3.0,16905.0
2470.0,20200916,88.0,148,2,2.0,1473.0,1000.0,5.0,3.0,37434.0
2471.0,20200725,120.0,163,20,1.0,1000.0,1000.0,0.0,5.0,48407.0
2472.0,20201126,405.0,92,4,2.0,1437.0,1000.0,1.0,2.0,12079.0
2473.0,20220218,179.0,142,2,4.0,1000.0,1000.0,3.0,1.0,46272.0
2474.0,20211108,14.0,281,14,4.0,1000.0,1000.0,5.0,6.0,32002.0
2475.0,20210410,353.0,238,15,2.0,1010.0,1000.0,0.0,3.0,25283.0
2476.0,20200315,396.0,299,13,8.0,1038.0,1000.0,5.0,6.0,23934.0
2477.0,20200623,24.0,138,13,1.0,1000.0,1000.0,0.0,1.0,31704.0
2478.0,20211121,7.0,149,18,6.0,1348.0,1000.0,4.0,7.0,41922.0
2479.0,20201006,263.0,49,7,6.0,1000.0,1000.0,2.0,3.0,55380.0
2480.0,20220104,483.0,26,13,6.0,1000.0,1000.0,0.0,6.0,10175.0
2481.0,20220115,299.0,242,2,5.0,1000.0,1000.0,4.0,4.0,9742.0
2482.0,20220113,428.0,51,9,8.0,1268.0,1000.0,2.0,4.0,5230.0
2483.0,20211123,437.0,143,15,6.0,1000.0,1000.0,0.0,2.0,15757.0
2484.0,20210224,54.0,62,14,5.0,1000.0,1000.0,1.0,1.0,10166.0
2485.0,20200213,179.0,203,11,5.0,1038.0,1000.0,5.0,8.0,22173.0
2486.0,20200604,359.0,52,11,7.0,1000.0,1000.0,2.0,2.0,8648.0
2487.0,20210515,217.0,293,20,7.0,1268.0,1000.0,3.0,6.0,32234.0
2488.0,20210622,96.0,270,10,4.0,1325.0,1000.0,2.0,7.0,55626.0
2489.0,20200906,350.0,24,7,6.0,1000.0,1000.0,5.0,1.0,39276.0
2490.0,20210306,343.0,190,13,8.0,1000.0,1000.0,3.0,,31876.0
2491.0,20210403,199.0,173,13,7.0,1036.0,1000.0,1.0,7.0,31951.0
2492.0,20210401,181.0,241,6,2.0,1000.0,1000.0,0.0,2.0,34845.0
2493.0,20210407,221.0,139,1,3.0,1000.0,1000.0,2.0,2.0,27984.0
2494.0,20200209,202.0,214,18,8.0,1000.0,1000.0,1.0,2.0,9162.0
2495.0,20210808,22.0,100,7,1.0,1304.0,1000.0,3.0,1.0,31042.0
2496.0,20210722,103.0,168,3,5.0,1000.0,1000.0,1.0,1.0,16092.0
2497.0,20200408,154.0,125,15,8.0,1000.0,1000.0,4.0,6.0,13665.0
2498.0,20220116,203.0,39,10,5.0,1000.0,1000.0,5.0,7.0,19980.0
2499.0,20201005,451.0,46,13,8.0,1000.0,1000.0,1.0,4.0,12829.0
2500.0,,435.0,220,13,3.0,1348.0,1000.0,0.0,3.0,58747.0
2501.0,20200202,36.0,113,5,7.0,1000.0,1000.0,4.0,7.0,46892.0
2502.0,20200301,300.0,29,2,8.0,1000.0,1000.0,5.0,2.0,28768.0
2503.0,20201008,450.0,218,3,4.0,1000.0,1000.0,0.0,5.0,33912.0
2504.0,20210326,118.0,21,11,2.0,1317.0,1000.0,0.0,6.0,58328.0
2505.0,20211206,499.0,52,19,2.0,1000.0,1000.0,4.0,7.0,36619.0
2506.0,20211022,220.0,205,16,3.0,1000.0,1000.0,0.0,8.0,7006.0
2507.0,20210121,145.0,137,12,6.0,1000.0,1000.0,1.0,5.0,53819.0
2508.0,20200206,262.0,262,2,4.0,1000.0,1000.0,4.0,5.0,16886.0
2509.0,20211008,246.0,21,7,4.0,1000.0,1000.0,2.0,8.0,47724.0
2510.0,20210117,341.0,284,9,1.0,1390.0,1000.0,5.0,6.0,42474.0
2511.0,20200510,89.0,50,13,4.0,1000.0,1000.0,2.0,5.0,11797.0
2512.0,20201215,339.0,256,11,8.0,1473.0,1000.0,5.0,7.0,27085.0
2513.0,20210606,434.0,120,15,6.0,1229.0,1000.0,3.0,6.0,23004.0
2514.0,20201028,248.0,296,3,5.0,1000.0,1000.0,4.0,6.0,43811.0
2515.0,20200820,215.0,6,9,3.0,1000.0,1000.0,5.0,6.0,42574.0
2516.0,20210629,200.0,229,9,2.0,1000.0,1000.0,0.0,7.0,56175.0
2517.0,20210901,57.0,48,9,2.0,1000.0,1000.0,4.0,5.0,15430.0
2518.0,20211017,434.0,1,17,5.0,1000.0,1000.0,5.0,4.0,54478.0
2519.0,20200429,303.0,67,7,5.0,1000.0,1000.0,5.0,5.0,14206.0
2520.0,20210130,408.0,240,3,4.0,1349.0,1000.0,0.0,,49236.0
2521.0,20200228,454.0,262,13,8.0,1000.0,1000.0,0.0,8.0,32187.0
2522.0,20220209,410.0,79,9,3.0,1000.0,1000.0,3.0,6.0,51914.0
2523.0,20210126,451.0,187,11,8.0,1000.0,1000.0,4.0,2.0,52044.0
2524.0,20210627,369.0,242,12,2.0,1247.0,1000.0,3.0,2.0,27589.0
2525.0,20200518,440.0,206,9,3.0,1000.0,1000.0,0.0,1.0,40515.0
2526.0,20201205,478.0,214,2,2.0,1000.0,1000.0,1.0,5.0,35913.0
2527.0,20210309,3.0,48,6,3.0,1000.0,1000.0,5.0,5.0,51881.0
2528.0,20200921,261.0,256,5,7.0,1000.0,1000.0,1.0,6.0,38067.0
2529.0,20210623,96.0,220,10,4.0,1000.0,1000.0,3.0,3.0,47145.0
2530.0,20220120,391.0,116,7,3.0,1036.0,1000.0,2.0,3.0,24330.0
2531.0,20211026,58.0,104,10,7.0,1000.0,1000.0,3.0,7.0,5675.0
2532.0,20220309,1.0,142,5,6.0,1000.0,1000.0,2.0,5.0,22955.0
2533.0,20200716,292.0,244,3,2.0,1000.0,1000.0,3.0,1.0,13809.0
2534.0,20210704,308.0,249,1,1.0,1279.0,1000.0,2.0,3.0,22229.0
2535.0,20210103,204.0,36,4,1.0,1270.0,1000.0,5.0,5.0,44653.0
2536.0,20201005,7.0,210,15,1.0,1000.0,1000.0,3.0,2.0,35226.0
2537.0,20210824,248.0,135,16,1.0,1359.0,1000.0,4.0,4.0,50199.0
2538.0,20210716,329.0,271,1,3.0,1194.0,1000.0,1.0,4.0,8406.0
2539.0,20220110,352.0,225,4,6.0,1000.0,1000.0,3.0,7.0,16659.0
2540.0,20210613,12.0,216,14,7.0,1000.0,1000.0,4.0,3.0,59611.0
2541.0,20200923,450.0,287,6,1.0,1000.0,1000.0,2.0,4.0,32223.0
2542.0,20200914,272.0,55,5,3.0,1000.0,1000.0,2.0,1.0,59050.0
2543.0,20200429,40.0,73,14,3.0,1000.0,1000.0,2.0,1.0,7256.0
2544.0,20200408,302.0,296,4,2.0,1344.0,1000.0,5.0,6.0,8905.0
2545.0,20200719,430.0,39,2,2.0,1131.0,1000.0,3.0,4.0,37299.0
2546.0,20200303,467.0,56,4,2.0,1000.0,1000.0,2.0,4.0,27237.0
2547.0,20210523,477.0,34,10,3.0,1000.0,1000.0,1.0,7.0,17546.0
2548.0,20200306,471.0,194,17,5.0,1391.0,1000.0,5.0,8.0,32933.0
2549.0,20210517,460.0,222,4,3.0,1000.0,1000.0,0.0,2.0,26094.0
2550.0,,319.0,240,4,1.0,1000.0,1000.0,0.0,,39399.0
2551.0,20201209,51.0,133,14,5.0,1000.0,1000.0,4.0,5.0,50913.0
2552.0,20201222,448.0,156,15,2.0,1000.0,1000.0,1.0,2.0,12638.0
2553.0,20200409,125.0,253,17,8.0,1207.0,1000.0,3.0,1.0,44721.0
2554.0,20200809,329.0,3,14,7.0,1397.0,1000.0,2.0,8.0,46825.0
2555.0,20210427,287.0,135,4,1.0,1449.0,1000.0,0.0,1.0,42238.0
2556.0,20200916,434.0,8,19,6.0,1000.0,1000.0,0.0,2.0,21282.0
2557.0,20220126,400.0,231,13,5.0,1000.0,1000.0,3.0,3.0,59167.0
2558.0,20200306,29.0,42,5,3.0,1000.0,1000.0,5.0,8.0,14220.0
2559.0,20210421,189.0,9,11,1.0,1319.0,1000.0,3.0,2.0,57853.0
2560.0,20200420,253.0,263,20,4.0,1000.0,1000.0,0.0,7.0,9436.0
2561.0,20200614,333.0,231,15,2.0,1000.0,1000.0,2.0,4.0,22995.0
2562.0,20220104,32.0,94,2,6.0,1000.0,1000.0,4.0,2.0,40321.0
2563.0,20200714,218.0,267,7,4.0,1000.0,1000.0,0.0,8.0,47478.0
2564.0,20210907,70.0,69,10,5.0,1011.0,1000.0,3.0,2.0,13080.0
2565.0,20200518,468.0,161,11,8.0,1216.0,1000.0,1.0,5.0,7130.0
2566.0,20211121,146.0,95,19,2.0,1000.0,1000.0,1.0,5.0,9900.0
2567.0,20220301,165.0,181,3,8.0,1470.0,1000.0,1.0,3.0,16711.0
2568.0,20200426,397.0,9,12,8.0,1417.0,1000.0,0.0,5.0,24423.0
2569.0,20201122,252.0,97,12,3.0,1000.0,1000.0,3.0,2.0,36336.0
2570.0,20200502,256.0,57,9,8.0,1000.0,1000.0,4.0,3.0,43333.0
2571.0,20220209,349.0,191,2,6.0,1000.0,1000.0,3.0,8.0,46848.0
2572.0,20201223,225.0,201,19,8.0,1000.0,1000.0,1.0,2.0,9373.0
2573.0,20200924,445.0,271,1,1.0,1000.0,1000.0,3.0,8.0,5295.0
2574.0,20200412,477.0,225,5,3.0,1251.0,1000.0,2.0,8.0,27755.0
2575.0,20200402,499.0,88,12,5.0,1000.0,1000.0,0.0,2.0,57081.0
2576.0,20200816,376.0,185,18,4.0,1166.0,1000.0,3.0,4.0,54398.0
2577.0,20210802,74.0,198,8,3.0,1390.0,1000.0,2.0,3.0,15304.0
2578.0,20210604,463.0,217,8,5.0,1000.0,1000.0,4.0,6.0,39581.0
2579.0,20211218,110.0,157,20,5.0,1000.0,1000.0,3.0,6.0,58120.0
2580.0,20200713,309.0,253,5,6.0,1000.0,1000.0,4.0,,29100.0
2581.0,20210122,426.0,43,10,5.0,1000.0,1000.0,2.0,4.0,18291.0
2582.0,20220106,249.0,181,16,6.0,1016.0,1000.0,5.0,6.0,29984.0
2583.0,20210125,356.0,194,16,8.0,1007.0,1000.0,0.0,6.0,27070.0
2584.0,20210108,9.0,63,8,4.0,1228.0,1000.0,2.0,3.0,13263.0
2585.0,20210312,323.0,221,14,1.0,1203.0,1000.0,3.0,2.0,42759.0
2586.0,20210909,87.0,292,5,6.0,1000.0,1000.0,0.0,7.0,44754.0
2587.0,20200813,149.0,257,8,7.0,1452.0,1000.0,1.0,2.0,9843.0
2588.0,20201126,174.0,48,20,7.0,1469.0,1000.0,2.0,5.0,34840.0
2589.0,20200713,2.0,102,17,3.0,1000.0,1000.0,0.0,4.0,11608.0
2590.0,20201214,391.0,83,8,1.0,1000.0,1000.0,1.0,2.0,28717.0
2591.0,20210330,388.0,51,17,1.0,1000.0,1000.0,5.0,1.0,8305.0
2592.0,20200823,309.0,159,5,6.0,1000.0,1000.0,4.0,8.0,29773.0
2593.0,20200920,416.0,79,19,4.0,1000.0,1000.0,3.0,7.0,51847.0
2594.0,20200915,263.0,243,6,7.0,1000.0,1000.0,3.0,2.0,5386.0
2595.0,20210427,74.0,292,7,6.0,1237.0,1000.0,4.0,5.0,9989.0
2596.0,20211112,9.0,63,12,5.0,1000.0,1000.0,1.0,5.0,20604.0
2597.0,20200228,155.0,89,19,2.0,1208.0,1000.0,2.0,8.0,24134.0
2598.0,20200523,381.0,287,14,6.0,1389.0,1000.0,5.0,6.0,44192.0
2599.0,20210816,347.0,21,14,3.0,1000.0,1000.0,3.0,3.0,7676.0
2600.0,,25.0,56,12,4.0,1104.0,1000.0,0.0,2.0,47951.0
2601.0,20210531,253.0,32,19,6.0,1000.0,1000.0,3.0,1.0,52335.0
2602.0,20200501,15.0,48,17,3.0,1000.0,1000.0,1.0,7.0,18098.0
2603.0,20201117,37.0,274,14,6.0,1000.0,1000.0,5.0,3.0,31297.0
2604.0,20200819,164.0,129,6,8.0,1088.0,1000.0,0.0,6.0,8670.0
2605.0,20211101,209.0,106,17,6.0,1072.0,1000.0,3.0,7.0,8677.0
2606.0,20200303,67.0,20,13,8.0,1012.0,1000.0,1.0,7.0,6429.0
2607.0,20210927,23.0,173,19,6.0,1000.0,1000.0,5.0,3.0,14135.0
2608.0,20210106,484.0,167,20,6.0,1012.0,1000.0,2.0,2.0,51500.0
2609.0,20210401,388.0,195,7,2.0,1258.0,1000.0,1.0,5.0,22489.0
2610.0,20210320,418.0,192,4,2.0,1000.0,1000.0,4.0,,54235.0
2611.0,20210906,10.0,250,14,5.0,1000.0,1000.0,3.0,5.0,36192.0
2612.0,20210122,27.0,210,1,8.0,1346.0,1000.0,3.0,7.0,48435.0
2613.0,20210114,15.0,43,10,7.0,1000.0,1000.0,0.0,1.0,16470.0
2614.0,20200801,196.0,56,16,5.0,1000.0,1000.0,4.0,7.0,20201.0
2615.0,20200314,465.0,173,5,1.0,1406.0,1000.0,5.0,4.0,30611.0
2616.0,20211106,325.0,87,10,7.0,1000.0,1000.0,0.0,6.0,15729.0
2617.0,20200603,69.0,86,3,4.0,1000.0,1000.0,2.0,4.0,43177.0
2618.0,20220125,176.0,159,3,4.0,1000.0,1000.0,4.0,5.0,16704.0
2619.0,20200206,227.0,112,18,1.0,1297.0,1000.0,1.0,1.0,10754.0
2620.0,20210520,398.0,213,19,1.0,1000.0,1000.0,1.0,6.0,32897.0
2621.0,20201112,186.0,190,14,4.0,1000.0,1000.0,0.0,2.0,50783.0
2622.0,20200415,322.0,220,9,2.0,1205.0,1000.0,3.0,5.0,32046.0
2623.0,20210316,409.0,283,14,8.0,1388.0,1000.0,0.0,7.0,31322.0
2624.0,20200528,165.0,184,6,8.0,1346.0,1000.0,2.0,8.0,14740.0
2625.0,20210117,409.0,249,7,3.0,1307.0,1000.0,0.0,5.0,39261.0
2626.0,20200910,475.0,222,7,2.0,1000.0,1000.0,0.0,8.0,44832.0
2627.0,20210718,185.0,193,11,4.0,1446.0,1000.0,2.0,4.0,35510.0
2628.0,20220311,400.0,177,3,8.0,1000.0,1000.0,4.0,5.0,30986.0
2629.0,20210503,136.0,182,2,6.0,1000.0,1000.0,1.0,6.0,27917.0
2630.0,20210118,68.0,51,9,7.0,1000.0,1000.0,4.0,6.0,55910.0
2631.0,20220210,87.0,272,7,4.0,1000.0,1000.0,2.0,4.0,42459.0
2632.0,20211209,153.0,60,2,5.0,1000.0,1000.0,5.0,2.0,5399.0
2633.0,20200302,303.0,219,3,8.0,1498.0,1000.0,1.0,4.0,5129.0
2634.0,20200530,356.0,237,19,3.0,1094.0,1000.0,4.0,8.0,30364.0
2635.0,20200815,98.0,188,7,8.0,1000.0,1000.0,0.0,2.0,18468.0
2636.0,20220304,84.0,275,14,2.0,1000.0,1000.0,3.0,1.0,35814.0
2637.0,20220201,69.0,148,4,1.0,1000.0,1000.0,4.0,6.0,51025.0
2638.0,20210410,8.0,239,10,4.0,1000.0,1000.0,1.0,1.0,36119.0
2639.0,20200502,118.0,216,4,7.0,1327.0,1000.0,5.0,2.0,33413.0
2640.0,20210322,408.0,280,2,3.0,1459.0,1000.0,0.0,,6247.0
2641.0,20210514,311.0,207,16,3.0,1000.0,1000.0,0.0,5.0,5612.0
2642.0,20211126,166.0,154,4,6.0,1000.0,1000.0,1.0,6.0,39495.0
2643.0,20210821,332.0,65,20,8.0,1000.0,1000.0,5.0,2.0,10287.0
2644.0,20200408,466.0,69,5,7.0,1000.0,1000.0,4.0,3.0,32627.0
2645.0,20210421,387.0,158,15,3.0,1452.0,1000.0,3.0,2.0,50877.0
2646.0,20220212,380.0,208,16,3.0,1093.0,1000.0,3.0,7.0,30779.0
2647.0,20211019,467.0,23,11,3.0,1115.0,1000.0,1.0,7.0,46067.0
2648.0,20200826,174.0,187,14,1.0,1413.0,1000.0,3.0,5.0,30498.0
2649.0,20200327,484.0,94,15,5.0,1000.0,1000.0,5.0,5.0,7719.0
2650.0,,380.0,12,17,7.0,1021.0,1000.0,0.0,8.0,26757.0
2651.0,20201209,252.0,213,19,5.0,1283.0,1000.0,3.0,6.0,24060.0
2652.0,20210926,382.0,166,2,2.0,1000.0,1000.0,5.0,2.0,35380.0
2653.0,20201205,404.0,279,18,2.0,1170.0,1000.0,5.0,7.0,40278.0
2654.0,20201107,238.0,186,14,8.0,1000.0,1000.0,1.0,1.0,40379.0
2655.0,20200622,27.0,260,11,7.0,1166.0,1000.0,5.0,6.0,20018.0
2656.0,20211104,487.0,172,6,4.0,1000.0,1000.0,5.0,6.0,57124.0
2657.0,20200418,156.0,36,3,2.0,1000.0,1000.0,5.0,5.0,9234.0
2658.0,20210131,458.0,27,14,5.0,1000.0,1000.0,4.0,2.0,53470.0
2659.0,20201126,380.0,257,16,6.0,1000.0,1000.0,2.0,1.0,16483.0
2660.0,20201031,312.0,163,11,6.0,1215.0,1000.0,2.0,1.0,51569.0
2661.0,20220123,477.0,278,6,2.0,1000.0,1000.0,3.0,8.0,21901.0
2662.0,20200606,322.0,293,20,3.0,1000.0,1000.0,0.0,4.0,42697.0
2663.0,20210401,351.0,146,10,8.0,1000.0,1000.0,3.0,4.0,58832.0
2664.0,20200616,66.0,200,8,7.0,1000.0,1000.0,5.0,7.0,48549.0
2665.0,20220218,320.0,216,2,8.0,1000.0,1000.0,3.0,2.0,27365.0
2666.0,20200825,433.0,230,15,1.0,1000.0,1000.0,1.0,8.0,23636.0
2667.0,20210414,252.0,192,7,1.0,1000.0,1000.0,3.0,5.0,56829.0
2668.0,20200321,52.0,205,1,6.0,1000.0,1000.0,2.0,7.0,54970.0
2669.0,20200308,432.0,127,5,4.0,1000.0,1000.0,4.0,8.0,57007.0
2670.0,20200516,149.0,81,14,2.0,1000.0,1000.0,1.0,,57274.0
2671.0,20210807,124.0,292,20,7.0,1165.0,1000.0,3.0,8.0,7362.0
2672.0,20200708,312.0,203,17,5.0,1000.0,1000.0,2.0,2.0,25424.0
2673.0,20201007,170.0,142,4,1.0,1000.0,1000.0,3.0,1.0,35822.0
2674.0,20211217,155.0,141,6,2.0,1000.0,1000.0,2.0,7.0,33435.0
2675.0,20220113,414.0,30,19,5.0,1000.0,1000.0,0.0,5.0,47356.0
2676.0,20201022,408.0,239,11,5.0,1000.0,1000.0,0.0,5.0,46569.0
2677.0,20200914,158.0,184,16,1.0,1131.0,1000.0,4.0,3.0,46976.0
2678.0,20210223,211.0,227,12,2.0,1000.0,1000.0,4.0,6.0,40484.0
2679.0,20220220,257.0,174,8,2.0,1402.0,1000.0,4.0,4.0,14495.0
2680.0,20200517,378.0,42,14,3.0,1000.0,1000.0,0.0,6.0,57881.0
2681.0,20200201,73.0,257,3,2.0,1000.0,1000.0,3.0,2.0,25614.0
2682.0,20210221,435.0,107,20,4.0,1000.0,1000.0,1.0,6.0,8369.0
2683.0,20210211,240.0,109,6,3.0,1048.0,1000.0,4.0,3.0,34629.0
2684.0,20200305,457.0,69,5,6.0,1097.0,1000.0,0.0,6.0,43844.0
2685.0,20210620,316.0,115,17,2.0,1152.0,1000.0,2.0,4.0,33984.0
2686.0,20200623,290.0,208,14,8.0,1237.0,1000.0,0.0,3.0,16426.0
2687.0,20200308,101.0,140,14,8.0,1210.0,1000.0,1.0,8.0,46534.0
2688.0,20200603,151.0,174,17,5.0,1126.0,1000.0,4.0,3.0,58394.0
2689.0,20211102,172.0,118,11,2.0,1000.0,1000.0,2.0,8.0,8676.0
2690.0,20200615,489.0,102,13,4.0,1000.0,1000.0,5.0,5.0,38020.0
2691.0,20201004,351.0,272,15,4.0,1000.0,1000.0,1.0,2.0,55403.0
2692.0,20210503,142.0,84,9,7.0,1000.0,1000.0,0.0,5.0,45612.0
2693.0,20201229,63.0,242,8,7.0,1000.0,1000.0,4.0,4.0,18520.0
2694.0,20210317,273.0,122,2,2.0,1121.0,1000.0,1.0,6.0,29060.0
2695.0,20200820,76.0,18,12,1.0,1000.0,1000.0,4.0,8.0,9343.0
2696.0,20200630,431.0,210,4,5.0,1342.0,1000.0,2.0,3.0,49493.0
2697.0,20201003,387.0,191,10,7.0,1484.0,1000.0,0.0,8.0,37035.0
2698.0,20220107,280.0,52,5,3.0,1150.0,1000.0,4.0,5.0,15493.0
2699.0,20211128,244.0,213,16,6.0,1000.0,1000.0,2.0,1.0,29723.0
2700.0,,334.0,62,13,2.0,1000.0,1000.0,0.0,,29597.0
2701.0,20210105,50.0,158,7,7.0,1000.0,1000.0,3.0,6.0,18349.0
2702.0,20210127,444.0,153,7,3.0,1000.0,1000.0,3.0,4.0,5860.0
2703.0,20200503,389.0,53,3,7.0,1238.0,1000.0,4.0,7.0,35908.0
2704.0,20210424,137.0,215,10,8.0,1147.0,1000.0,0.0,1.0,40509.0
2705.0,20210613,175.0,226,11,5.0,1000.0,1000.0,3.0,2.0,58083.0
2706.0,20210729,274.0,52,19,6.0,1319.0,1000.0,4.0,3.0,21491.0
2707.0,20200627,11.0,58,18,6.0,1000.0,1000.0,3.0,7.0,55282.0
2708.0,20200812,244.0,120,6,1.0,1000.0,1000.0,3.0,1.0,56556.0
2709.0,20211103,349.0,282,13,6.0,1017.0,1000.0,5.0,8.0,7593.0
2710.0,20210601,318.0,189,2,6.0,1032.0,1000.0,5.0,2.0,40351.0
2711.0,20210507,241.0,251,9,7.0,1000.0,1000.0,1.0,3.0,8385.0
2712.0,20210622,498.0,210,1,3.0,1000.0,1000.0,2.0,3.0,33508.0
2713.0,20210105,347.0,178,14,6.0,1395.0,1000.0,3.0,5.0,6337.0
2714.0,20211103,247.0,143,6,4.0,1319.0,1000.0,1.0,3.0,21181.0
2715.0,20200509,353.0,78,13,1.0,1065.0,1000.0,0.0,6.0,55619.0
2716.0,20210825,256.0,40,17,3.0,1000.0,1000.0,0.0,4.0,26408.0
2717.0,20200324,53.0,291,8,6.0,1360.0,1000.0,3.0,4.0,26395.0
2718.0,20201230,382.0,269,19,1.0,1225.0,1000.0,1.0,5.0,13739.0
2719.0,20200821,433.0,94,8,8.0,1000.0,1000.0,0.0,3.0,45667.0
2720.0,20210407,150.0,139,16,8.0,1000.0,1000.0,0.0,5.0,43805.0
2721.0,20211001,56.0,51,15,8.0,1257.0,1000.0,3.0,6.0,29083.0
2722.0,20200413,249.0,267,5,5.0,1254.0,1000.0,0.0,5.0,10230.0
2723.0,20210621,354.0,298,18,6.0,1000.0,1000.0,2.0,5.0,37564.0
2724.0,20211116,431.0,147,2,3.0,1000.0,1000.0,0.0,6.0,21321.0
2725.0,20200613,375.0,116,15,7.0,1000.0,1000.0,0.0,3.0,32105.0
2726.0,20200524,103.0,271,18,7.0,1058.0,1000.0,0.0,6.0,5815.0
2727.0,20211119,97.0,161,6,8.0,1196.0,1000.0,1.0,8.0,43292.0
2728.0,20200912,292.0,250,16,5.0,1000.0,1000.0,2.0,3.0,47873.0
2729.0,20210408,485.0,4,6,1.0,1200.0,1000.0,5.0,5.0,37838.0
2730.0,20200823,162.0,25,11,2.0,1000.0,1000.0,3.0,,30112.0
2731.0,20211208,311.0,153,1,5.0,1000.0,1000.0,2.0,8.0,39144.0
2732.0,20200213,391.0,217,15,3.0,1166.0,1000.0,5.0,1.0,12821.0
2733.0,20200507,230.0,181,15,1.0,1054.0,1000.0,3.0,1.0,48872.0
2734.0,20200528,312.0,214,7,1.0,1000.0,1000.0,0.0,6.0,5704.0
2735.0,20200409,101.0,252,3,3.0,1274.0,1000.0,1.0,5.0,19454.0
2736.0,20210209,72.0,86,20,2.0,1000.0,1000.0,1.0,3.0,56732.0
2737.0,20210503,331.0,183,12,6.0,1000.0,1000.0,2.0,3.0,50226.0
2738.0,20200619,396.0,2,8,3.0,1000.0,1000.0,0.0,1.0,32752.0
2739.0,20210720,434.0,59,13,1.0,1000.0,1000.0,0.0,5.0,14528.0
2740.0,20220129,60.0,227,17,6.0,1453.0,1000.0,3.0,7.0,44494.0
2741.0,20210719,453.0,46,16,2.0,1000.0,1000.0,4.0,4.0,19366.0
2742.0,20210827,434.0,198,13,3.0,1000.0,1000.0,2.0,7.0,51656.0
2743.0,20210408,168.0,231,5,2.0,1180.0,1000.0,4.0,5.0,23774.0
2744.0,20200912,265.0,249,4,1.0,1237.0,1000.0,0.0,7.0,14595.0
2745.0,20210430,102.0,13,15,6.0,1000.0,1000.0,1.0,6.0,30554.0
2746.0,20211226,110.0,298,5,5.0,1200.0,1000.0,3.0,5.0,24628.0
2747.0,20201014,288.0,108,10,1.0,1000.0,1000.0,0.0,1.0,56742.0
2748.0,20210111,252.0,100,15,5.0,1040.0,1000.0,0.0,4.0,10032.0
2749.0,20200706,134.0,212,13,5.0,1000.0,1000.0,1.0,8.0,59699.0
2750.0,,380.0,195,14,3.0,1000.0,1000.0,0.0,5.0,8736.0
2751.0,20210311,130.0,179,3,1.0,1416.0,1000.0,4.0,3.0,21934.0
2752.0,20220124,349.0,282,20,1.0,1000.0,1000.0,3.0,2.0,19975.0
2753.0,20220105,163.0,18,3,4.0,1340.0,1000.0,3.0,4.0,34804.0
2754.0,20210331,478.0,159,11,8.0,1000.0,1000.0,0.0,2.0,16006.0
2755.0,20210408,136.0,11,4,8.0,1000.0,1000.0,3.0,8.0,58917.0
2756.0,20210315,323.0,155,16,8.0,1000.0,1000.0,1.0,6.0,36448.0
2757.0,20200728,418.0,292,11,1.0,1037.0,1000.0,1.0,5.0,36105.0
2758.0,20200315,182.0,281,18,8.0,1000.0,1000.0,1.0,4.0,8515.0
2759.0,20210116,53.0,191,18,4.0,1481.0,1000.0,5.0,5.0,22226.0
2760.0,20211027,225.0,145,19,7.0,1000.0,1000.0,0.0,,26444.0
2761.0,20200525,193.0,65,18,5.0,1345.0,1000.0,2.0,4.0,35484.0
2762.0,20210731,353.0,186,20,7.0,1166.0,1000.0,0.0,1.0,26613.0
2763.0,20210701,475.0,60,10,2.0,1000.0,1000.0,1.0,3.0,29667.0
2764.0,20201007,439.0,89,13,8.0,1460.0,1000.0,4.0,2.0,11170.0
2765.0,20211015,317.0,276,13,1.0,1000.0,1000.0,3.0,5.0,52277.0
2766.0,20220310,488.0,25,4,2.0,1252.0,1000.0,5.0,5.0,48838.0
2767.0,20210813,347.0,49,8,4.0,1264.0,1000.0,1.0,3.0,30123.0
2768.0,20201020,400.0,220,13,3.0,1000.0,1000.0,4.0,3.0,59011.0
2769.0,20211108,114.0,242,20,1.0,1489.0,1000.0,5.0,2.0,40912.0
2770.0,20211107,303.0,132,12,6.0,1000.0,1000.0,5.0,3.0,13715.0
2771.0,20220120,444.0,113,4,8.0,1000.0,1000.0,4.0,4.0,17389.0
2772.0,20210203,355.0,69,6,7.0,1000.0,1000.0,4.0,2.0,47762.0
2773.0,20210324,450.0,104,1,5.0,1244.0,1000.0,5.0,5.0,7533.0
2774.0,20210622,223.0,277,7,8.0,1000.0,1000.0,3.0,4.0,12120.0
2775.0,20200822,204.0,259,8,3.0,1120.0,1000.0,0.0,6.0,30461.0
2776.0,20210217,181.0,91,13,1.0,1000.0,1000.0,5.0,1.0,45919.0
2777.0,20200722,412.0,286,15,8.0,1000.0,1000.0,2.0,3.0,20399.0
2778.0,20200807,297.0,254,11,5.0,1000.0,1000.0,3.0,6.0,29816.0
2779.0,20200301,109.0,57,18,7.0,1000.0,1000.0,1.0,1.0,49501.0
2780.0,20200906,351.0,272,5,3.0,1000.0,1000.0,2.0,3.0,25705.0
2781.0,20210621,122.0,134,17,7.0,1445.0,1000.0,0.0,3.0,30711.0
2782.0,20201031,217.0,207,17,8.0,1000.0,1000.0,1.0,1.0,24303.0
2783.0,20211126,316.0,132,7,5.0,1399.0,1000.0,0.0,7.0,57614.0
2784.0,20210919,243.0,21,1,5.0,1000.0,1000.0,2.0,7.0,23870.0
2785.0,20210817,18.0,27,5,6.0,1000.0,1000.0,2.0,5.0,39392.0
2786.0,20201219,383.0,127,18,3.0,1330.0,1000.0,2.0,2.0,37906.0
2787.0,20210927,251.0,58,12,7.0,1000.0,1000.0,3.0,8.0,28360.0
2788.0,20200505,432.0,38,7,4.0,1000.0,1000.0,5.0,5.0,22469.0
2789.0,20200617,239.0,94,13,8.0,1000.0,1000.0,2.0,2.0,25440.0
2790.0,20200526,483.0,140,16,8.0,1000.0,1000.0,5.0,,58598.0
2791.0,20200515,159.0,44,11,5.0,1000.0,1000.0,3.0,8.0,16833.0
2792.0,20201111,62.0,262,14,7.0,1000.0,1000.0,5.0,1.0,28216.0
2793.0,20200323,161.0,136,8,8.0,1000.0,1000.0,5.0,8.0,31747.0
2794.0,20210428,76.0,279,14,3.0,1000.0,1000.0,5.0,5.0,40323.0
2795.0,20210331,478.0,272,7,2.0,1139.0,1000.0,1.0,5.0,17407.0
2796.0,20200712,245.0,279,17,8.0,1000.0,1000.0,1.0,1.0,29497.0
2797.0,20210111,313.0,135,16,8.0,1000.0,1000.0,5.0,3.0,14373.0
2798.0,20210901,480.0,280,7,2.0,1000.0,1000.0,0.0,1.0,49082.0
2799.0,20211109,279.0,210,17,8.0,1175.0,1000.0,0.0,6.0,29760.0
2800.0,,195.0,127,1,3.0,1144.0,1000.0,0.0,3.0,18910.0
