id_cliente,nombre,tipo_cliente,edad,genero,ultima_compra,frecuencia,valor_monetario,ticket_promedio,vehiculos_comprados,recency,r_score,f_score,m_score,rfm_score,segmento
1.0,Valentina López,recurrente,32,F,2024-03-17,3,193138.9,64379.63333333333,3,723.0,3,2,2,7,Potenciales
2.0,Sofía González,recurrente,45,M,2024-10-09,8,440508.55,55063.56875,8,517.0,4,5,5,14,Campeones
3.0,María Ramírez,nuevo,47,F,2024-03-11,5,219585.2,43917.04,5,729.0,3,4,3,10,Leales
4.0,Ana Pérez,nuevo,37,M,2022-08-19,2,119345.0,59672.5,2,1299.0,1,1,1,3,En riesgo
5.0,Valentina Martínez,recurrente,41,M,2024-07-25,5,276762.14999999997,55352.42999999999,4,593.0,4,4,4,12,Leales
6.0,Andrés Martínez,nuevo,46,F,2025-01-30,5,293797.95,58759.590000000004,5,404.0,5,4,4,13,Campeones
7.0,Carlos Pérez,nuevo,45,M,2024-09-16,8,526121.25,65765.15625,8,540.0,4,5,5,14,Campeones
8.0,María Rodríguez,recurrente,36,M,2022-04-18,5,302891.7,60578.340000000004,5,1422.0,1,4,4,9,Potenciales
9.0,María Sánchez,recurrente,67,F,2024-07-18,4,232824.55,58206.1375,4,600.0,4,3,3,10,Leales
10.0,Juan López,recurrente,47,F,,0,0.0,,0,999.0,2,1,1,4,Prometedores
11.0,Laura López,nuevo,54,M,2024-10-04,7,508311.9,72615.98571428572,7,522.0,4,5,5,14,Campeones
12.0,Luis García,recurrente,40,M,2023-06-05,1,42625.60000000001,42625.60000000001,1,1009.0,2,1,1,4,Prometedores
13.0,Juan Ramírez,recurrente,38,F,2023-10-04,4,264544.2,66136.05,4,888.0,2,3,3,8,Potenciales
14.0,Valentina Pérez,recurrente,27,M,2024-12-07,5,321219.75,64243.95,5,458.0,5,4,4,13,Campeones
15.0,Andrés Martínez,recurrente,59,M,2024-02-04,6,327896.15,54649.35833333334,6,765.0,3,4,4,11,Leales
16.0,Juan García,recurrente,63,M,2024-12-19,4,229317.34999999998,57329.337499999994,4,446.0,5,3,3,11,Leales
17.0,Luis Ramírez,recurrente,22,F,2022-10-21,7,394123.65,56303.37857142858,7,1236.0,1,5,5,11,Leales
18.0,Andrés Martínez,nuevo,37,M,2024-07-19,6,342697.0,57116.166666666664,6,599.0,4,4,4,12,Leales
19.0,Sofía Sánchez,nuevo,36,M,2024-12-11,4,253261.65000000002,63315.412500000006,4,454.0,5,3,3,11,Leales
21.0,Ana Pérez,recurrente,53,M,2024-05-13,4,261556.84999999998,65389.212499999994,4,666.0,3,3,3,9,Potenciales
22.0,Ana López,nuevo,69,M,2024-05-13,3,175698.85,58566.28333333333,3,666.0,3,2,2,7,Potenciales
23.0,Juan Ramírez,nuevo,36,M,2024-04-11,4,230790.85,57697.7125,4,698.0,3,3,3,9,Potenciales
24.0,Juan Ramírez,recurrente,62,M,2023-06-28,5,291430.05,58286.009999999995,5,986.0,2,4,4,10,Leales
25.0,Andrés Sánchez,recurrente,19,M,2023-08-17,3,182187.9,60729.299999999996,3,936.0,2,2,2,6,Prometedores
26.0,Andrés Rodríguez,nuevo,39,M,2023-05-10,3,193266.80000000002,64422.26666666667,3,1035.0,2,2,2,6,Prometedores
27.0,María Rodríguez,nuevo,67,M,2023-11-06,5,294273.65,58854.73,5,855.0,2,4,4,10,Leales
28.0,Juan Ramírez,recurrente,24,M,2024-07-20,6,346842.0,57807.0,6,598.0,4,4,5,13,Campeones
29.0,Luis López,nuevo,67,F,2022-09-29,3,217099.2,72366.40000000001,3,1258.0,1,2,3,6,Prometedores
30.0,Ana Sánchez,recurrente,51,M,2024-01-11,3,165100.6,55033.53333333333,3,789.0,3,2,2,7,Potenciales
31.0,Carlos García,recurrente,52,M,2024-07-27,3,209186.5,69728.83333333333,3,591.0,4,2,3,9,Potenciales
32.0,María González,recurrente,49,F,2023-04-02,3,202439.95,67479.98333333334,3,1073.0,1,2,3,6,Prometedores
33.0,Laura Ramírez,recurrente,44,M,2025-01-30,7,445646.75,63663.82142857143,7,404.0,5,5,5,15,Campeones
34.0,Sofía Sánchez,recurrente,67,F,2024-12-14,8,512321.1,64040.1375,8,451.0,5,5,5,15,Campeones
35.0,Ana García,nuevo,64,M,2024-05-18,2,135916.4,67958.2,2,661.0,3,1,2,6,Prometedores
36.0,Pedro Martínez,recurrente,24,M,2024-12-17,7,397115.3,56730.75714285714,7,448.0,5,5,5,15,Campeones
37.0,Valentina Rodríguez,nuevo,44,M,2024-12-23,4,268160.25,67040.0625,4,442.0,5,3,4,12,Leales
38.0,Laura Sánchez,recurrente,30,F,2024-09-13,2,69927.2,34963.6,2,543.0,4,1,1,6,Prometedores
39.0,Juan Pérez,nuevo,19,F,2024-01-26,6,369569.1,61594.85,5,774.0,3,4,5,12,Leales
40.0,Ana Pérez,nuevo,29,M,2023-08-08,2,112276.5,56138.25,2,945.0,2,1,1,4,Prometedores
41.0,Sofía Rodríguez,nuevo,61,M,2024-02-04,7,437338.25,62476.892857142855,7,765.0,3,5,5,13,Campeones
42.0,Sofía Ramírez,recurrente,58,M,2023-11-23,4,253740.85,63435.2125,4,838.0,2,3,3,8,Potenciales
43.0,Pedro López,nuevo,50,F,2025-01-30,1,70918.9,70918.9,1,404.0,5,1,1,7,Potenciales
44.0,Juan García,nuevo,61,M,2024-02-29,8,530787.35,66348.41875,8,740.0,3,5,5,13,Campeones
45.0,Juan Martínez,nuevo,48,M,2024-06-26,4,305228.1,76307.025,4,622.0,4,3,4,11,Leales
46.0,Juan Sánchez,nuevo,67,F,2023-05-24,4,173163.65,43290.9125,4,1021.0,2,3,2,7,Potenciales
47.0,María González,nuevo,23,M,2024-12-02,7,375710.95,53672.99285714286,7,463.0,5,5,5,15,Campeones
48.0,Ana González,nuevo,51,F,2023-08-08,2,166744.95,83372.475,2,945.0,2,1,2,5,Prometedores
49.0,Sofía Sánchez,recurrente,37,M,2024-12-10,4,224490.90000000002,56122.725000000006,4,455.0,5,3,3,11,Leales
50.0,Ana López,nuevo,60,F,2024-09-09,7,407167.3,58166.75714285714,7,547.0,4,5,5,14,Campeones
51.0,Valentina González,recurrente,29,M,2024-05-21,4,166954.25,41738.5625,4,658.0,3,3,2,8,Potenciales
52.0,Pedro Ramírez,nuevo,64,M,2024-06-23,2,99366.95,49683.475,2,625.0,4,1,1,6,Prometedores
53.0,Carlos Rodríguez,recurrente,59,M,2020-12-10,1,45620.0,45620.0,1,1916.0,1,1,1,3,En riesgo
54.0,Ana González,recurrente,48,M,2023-06-28,4,189818.95,47454.7375,4,986.0,2,3,2,7,Potenciales
55.0,Ana Sánchez,nuevo,43,F,2024-10-11,5,385648.0,77129.6,3,515.0,5,4,5,14,Campeones
56.0,Laura González,nuevo,26,M,2024-08-18,3,166917.6,55639.200000000004,3,569.0,4,2,2,8,Potenciales
57.0,Luis Ramírez,nuevo,49,M,2022-12-17,3,153344.5,51114.833333333336,3,1179.0,1,2,2,5,Prometedores
58.0,Andrés Pérez,nuevo,39,M,2023-01-26,5,270602.95,54120.590000000004,5,1139.0,1,4,4,9,Potenciales
59.0,Valentina González,nuevo,64,M,2023-08-18,2,152775.0,76387.5,2,935.0,2,1,2,5,Prometedores
60.0,Luis García,nuevo,63,F,2023-02-09,2,148026.95,74013.475,2,1125.0,1,1,2,4,Prometedores
61.0,Andrés Martínez,recurrente,64,F,2023-07-12,5,292426.9,58485.380000000005,4,972.0,2,4,4,10,Leales
62.0,Valentina González,nuevo,20,M,2023-09-05,3,208964.65,69654.88333333333,3,917.0,2,2,3,7,Potenciales
63.0,María González,recurrente,68,F,2024-10-15,6,372694.9,62115.81666666667,6,511.0,5,4,5,14,Campeones
64.0,Valentina Rodríguez,nuevo,32,M,2025-01-30,2,110775.25,55387.625,2,404.0,5,1,1,7,Potenciales
65.0,Luis Martínez,recurrente,38,F,2023-12-25,6,406700.7,67783.45,6,806.0,3,5,5,13,Campeones
66.0,Valentina Sánchez,recurrente,61,F,2025-01-30,5,317556.7,63511.340000000004,5,404.0,5,4,4,13,Campeones
67.0,Sofía Pérez,recurrente,24,F,2023-06-14,4,194485.95,48621.4875,4,1000.0,2,3,2,7,Potenciales
68.0,Laura García,nuevo,46,F,2023-01-20,4,213353.85,53338.4625,4,1145.0,1,3,3,7,Potenciales
69.0,Sofía Ramírez,nuevo,53,M,2023-11-05,4,266552.05,66638.0125,4,856.0,2,3,4,9,Potenciales
70.0,Sofía González,nuevo,30,M,2023-08-28,3,157372.0,52457.333333333336,3,925.0,2,2,2,6,Prometedores
71.0,Andrés Rodríguez,nuevo,36,M,2023-12-10,5,324846.55,64969.31,5,821.0,3,4,4,11,Leales
72.0,Carlos Rodríguez,recurrente,31,M,2024-08-29,3,210268.0,70089.33333333333,3,558.0,4,2,3,9,Potenciales
73.0,Carlos López,nuevo,51,F,2024-04-29,4,266334.75,66583.6875,4,680.0,3,3,3,9,Potenciales
74.0,Pedro Martínez,recurrente,62,M,2024-08-01,5,351157.7,70231.54000000001,5,586.0,4,4,5,13,Campeones
75.0,Luis Pérez,nuevo,29,M,2023-03-01,2,86463.70000000001,43231.850000000006,2,1105.0,1,1,1,3,En riesgo
76.0,Andrés González,nuevo,20,F,2024-12-27,3,202099.45,67366.48333333334,3,438.0,5,2,3,10,Leales
77.0,Juan Sánchez,recurrente,46,F,2025-01-30,4,297447.45,74361.8625,4,404.0,5,3,4,12,Leales
78.0,Andrés Pérez,recurrente,21,F,2024-12-07,7,383410.35,54772.90714285714,7,458.0,5,5,5,15,Campeones
79.0,Ana López,recurrente,19,M,2024-09-02,4,262869.85,65717.4625,4,554.0,4,3,3,10,Leales
80.0,María López,nuevo,19,M,2023-03-21,2,175877.7,87938.85,2,1085.0,1,1,2,4,Prometedores
81.0,Juan Martínez,nuevo,65,F,2024-12-28,5,335584.95,67116.99,5,437.0,5,4,4,13,Campeones
82.0,Ana Ramírez,nuevo,68,M,2023-12-16,5,312990.05,62598.009999999995,5,815.0,3,4,4,11,Leales
83.0,Carlos Sánchez,nuevo,34,F,,0,0.0,,0,999.0,2,1,1,4,Prometedores
84.0,Sofía Pérez,nuevo,70,M,2022-08-25,3,220778.8,73592.93333333333,3,1293.0,1,2,3,6,Prometedores
85.0,Juan Ramírez,recurrente,21,F,2024-01-04,5,246709.95,49341.990000000005,5,796.0,3,4,3,10,Leales
86.0,Andrés Sánchez,nuevo,56,M,2024-05-25,3,190132.15,63377.38333333333,3,654.0,3,2,2,7,Potenciales
87.0,Carlos Ramírez,recurrente,60,F,2022-10-26,3,166768.0,55589.333333333336,3,1231.0,1,2,2,5,Prometedores
88.0,Luis Rodríguez,nuevo,25,M,2024-05-14,3,201005.95,67001.98333333334,3,665.0,3,2,3,8,Potenciales
89.0,Laura García,recurrente,42,F,2024-10-28,8,464042.55,58005.31875,8,498.0,5,5,5,15,Campeones
90.0,Luis Rodríguez,recurrente,67,M,2023-11-05,5,274148.35,54829.67,5,856.0,2,4,4,10,Leales
91.0,Pedro López,recurrente,63,F,2022-08-08,1,80523.0,80523.0,1,1310.0,1,1,1,3,En riesgo
92.0,Luis Ramírez,nuevo,34,F,2021-06-21,4,264803.0,66200.75,4,1723.0,1,3,3,7,Potenciales
93.0,Sofía Martínez,nuevo,65,M,2025-01-30,5,266548.75,53309.75,5,404.0,5,4,4,13,Campeones
94.0,Sofía García,nuevo,36,F,2024-06-25,4,260856.05,65214.0125,4,623.0,4,3,3,10,Leales
95.0,María Rodríguez,recurrente,29,M,2024-08-03,3,195979.6,65326.53333333333,3,584.0,4,2,2,8,Potenciales
96.0,Luis Pérez,recurrente,69,M,2024-12-07,7,356291.0,50898.71428571428,7,458.0,5,5,5,15,Campeones
97.0,Valentina Rodríguez,nuevo,61,M,2020-04-20,1,70250.8,70250.8,1,2150.0,1,1,1,3,En riesgo
98.0,Valentina Rodríguez,recurrente,45,F,2022-10-12,4,177557.44999999998,44389.362499999996,4,1245.0,1,3,2,6,Prometedores
99.0,Carlos Rodríguez,nuevo,55,F,2024-07-05,4,232379.15,58094.7875,4,613.0,4,3,3,10,Leales
100.0,Laura García,nuevo,61,M,2023-12-21,2,107554.4,53777.2,2,810.0,3,1,1,5,Prometedores
101.0,Andrés Rodríguez,recurrente,64,F,2021-10-28,2,107797.5,53898.75,2,1594.0,1,1,1,3,En riesgo
102.0,Carlos López,nuevo,48,M,2023-02-15,2,136062.1,68031.05,2,1119.0,1,1,2,4,Prometedores
103.0,Carlos González,nuevo,68,M,,0,0.0,,0,999.0,2,1,1,4,Prometedores
104.0,Juan Rodríguez,nuevo,28,F,2024-09-07,4,242510.05,60627.5125,4,549.0,4,3,3,10,Leales
105.0,Juan Pérez,nuevo,70,M,2023-03-14,1,42761.60000000001,42761.60000000001,1,1092.0,1,1,1,3,En riesgo
106.0,Luis Martínez,nuevo,59,F,2024-02-20,2,133309.6,66654.8,2,749.0,3,1,2,6,Prometedores
107.0,Luis Pérez,recurrente,28,M,2024-11-07,3,240698.34999999998,80232.78333333333,3,488.0,5,2,3,10,Leales
108.0,Carlos García,recurrente,18,M,2023-02-18,1,42979.0,42979.0,1,1116.0,1,1,1,3,En riesgo
109.0,Juan Pérez,nuevo,56,M,2024-03-19,9,553947.9,61549.76666666667,9,721.0,3,5,5,13,Campeones
110.0,Sofía González,recurrente,51,F,,1,67076.8,67076.8,1,999.0,2,1,1,4,Prometedores
111.0,Ana González,recurrente,33,M,2023-03-14,6,373025.14999999997,62170.85833333333,6,1092.0,1,5,5,11,Leales
112.0,Sofía Martínez,recurrente,49,M,2024-08-16,5,305768.65,61153.73,5,571.0,4,4,4,12,Leales
113.0,Luis Rodríguez,recurrente,45,F,,0,0.0,,0,999.0,2,1,1,4,Prometedores
114.0,Sofía García,recurrente,21,F,2024-05-25,6,324133.75,54022.291666666664,5,654.0,3,5,4,12,Leales
115.0,Andrés García,nuevo,56,F,2024-02-09,2,106502.5,53251.25,2,760.0,3,1,1,5,Prometedores
116.0,Andrés Ramírez,recurrente,39,M,2021-06-29,3,117322.05,39107.35,3,1715.0,1,2,1,4,Prometedores
117.0,Laura Martínez,nuevo,24,M,2024-08-14,1,81995.25,81995.25,1,573.0,4,1,1,6,Prometedores
118.0,Carlos López,nuevo,64,M,,0,0.0,,0,999.0,2,1,1,4,Prometedores
119.0,Carlos López,recurrente,59,M,2023-11-02,4,297350.2,74337.55,4,859.0,2,3,4,9,Potenciales
120.0,Pedro Martínez,recurrente,31,M,2023-06-03,3,190278.95,63426.31666666667,3,1011.0,2,2,2,6,Prometedores
121.0,Valentina López,nuevo,55,M,2023-06-26,6,414515.35,69085.89166666666,5,988.0,2,5,5,12,Leales
122.0,Carlos García,recurrente,47,M,2023-11-27,9,500501.55,55611.28333333333,9,834.0,2,5,5,12,Leales
123.0,Ana Sánchez,nuevo,21,M,2024-03-10,2,107316.9,53658.45,2,730.0,3,1,1,5,Prometedores
124.0,Pedro López,recurrente,48,M,2022-08-31,3,138028.9,46009.63333333333,3,1287.0,1,2,2,5,Prometedores
125.0,Carlos Martínez,nuevo,25,F,2023-05-24,4,215800.9,53950.225,4,1021.0,2,3,3,8,Potenciales
126.0,Luis Ramírez,recurrente,64,F,2024-12-29,8,466265.64999999997,58283.206249999996,7,436.0,5,5,5,15,Campeones
127.0,Laura Pérez,recurrente,28,F,2024-05-06,5,290228.85,58045.77,5,673.0,3,4,4,11,Leales
128.0,Valentina López,recurrente,67,M,2024-04-03,4,218738.4,54684.6,4,706.0,3,3,3,9,Potenciales
129.0,Carlos González,nuevo,68,F,2024-07-05,7,398560.15,56937.16428571429,6,613.0,4,5,5,14,Campeones
130.0,Luis García,recurrente,52,M,2020-06-21,2,125683.2,62841.6,2,2088.0,1,1,2,4,Prometedores
131.0,Laura López,nuevo,20,F,2025-01-30,4,299545.55,74886.3875,4,404.0,5,3,4,12,Leales
132.0,Ana Ramírez,recurrente,26,F,2023-05-28,1,44439.1,44439.1,1,1017.0,2,1,1,4,Prometedores
133.0,Luis González,recurrente,48,F,2022-02-16,2,118498.45,59249.225,2,1483.0,1,1,1,3,En riesgo
134.0,Pedro Ramírez,nuevo,23,M,2024-12-24,5,327530.5,65506.1,5,441.0,5,4,4,13,Campeones
135.0,Laura López,recurrente,26,M,2024-09-19,8,580468.8,72558.6,8,537.0,4,5,5,14,Campeones
136.0,Ana López,recurrente,41,M,2024-04-08,5,374714.7,74942.94,5,701.0,3,4,5,12,Leales
137.0,Andrés Rodríguez,nuevo,35,F,2024-10-22,5,329329.55,65865.91,5,504.0,5,4,4,13,Campeones
138.0,Valentina Pérez,nuevo,33,F,2021-09-25,2,112409.6,56204.8,2,1627.0,1,1,1,3,En riesgo
139.0,Luis Martínez,nuevo,23,M,2021-07-19,1,64329.3,64329.3,1,1695.0,1,1,1,3,En riesgo
140.0,Sofía Sánchez,recurrente,20,M,2024-11-18,4,275055.55,68763.8875,4,477.0,5,3,4,12,Leales
141.0,Laura Ramírez,recurrente,34,F,2024-11-30,5,292864.9,58572.98,5,465.0,5,4,4,13,Campeones
142.0,Juan González,nuevo,69,F,2024-05-12,4,197478.55,49369.6375,4,667.0,3,3,2,8,Potenciales
143.0,Sofía González,nuevo,56,M,2024-08-19,6,337081.55,56180.25833333333,6,568.0,4,5,4,13,Campeones
144.0,Valentina González,nuevo,28,F,2022-11-13,5,290091.95,58018.39,5,1213.0,1,4,4,9,Potenciales
145.0,Pedro Martínez,nuevo,49,M,2023-08-30,6,378642.6,63107.1,6,923.0,2,5,5,12,Leales
146.0,Juan López,nuevo,67,F,2022-08-17,2,88697.4,44348.7,2,1301.0,1,1,1,3,En riesgo
147.0,Carlos Rodríguez,nuevo,50,F,2023-02-02,1,60026.0,60026.0,1,1132.0,1,1,1,3,En riesgo
148.0,Luis García,nuevo,31,M,2023-11-24,2,137993.05000000002,68996.52500000001,2,837.0,2,1,2,5,Prometedores
149.0,Ana Pérez,recurrente,46,M,2022-08-07,4,213791.4,53447.85,4,1311.0,1,3,3,7,Potenciales
150.0,María González,recurrente,28,F,2024-09-19,6,398377.9,66396.31666666667,6,537.0,4,5,5,14,Campeones
151.0,Pedro Martínez,recurrente,33,M,2024-12-11,5,270734.1,54146.81999999999,5,454.0,5,4,4,13,Campeones
152.0,Juan González,recurrente,61,M,2025-01-30,3,156749.40000000002,52249.80000000001,3,404.0,5,2,2,9,Potenciales
153.0,Ana Pérez,recurrente,57,M,2025-01-30,4,230942.90000000002,57735.725000000006,4,404.0,5,3,3,11,Leales
154.0,Juan García,recurrente,47,F,2023-12-05,2,94972.79999999999,47486.399999999994,2,826.0,2,1,1,4,Prometedores
155.0,Andrés Pérez,recurrente,30,F,2024-02-03,3,209539.40000000002,69846.46666666667,3,766.0,3,2,3,8,Potenciales
156.0,Laura González,recurrente,40,F,2022-12-27,2,132093.2,66046.6,2,1169.0,1,1,2,4,Prometedores
157.0,Luis González,nuevo,49,M,2024-10-14,5,327730.45,65546.09,5,512.0,5,4,4,13,Campeones
158.0,Juan Rodríguez,nuevo,45,M,2024-09-27,7,460495.7,65785.1,7,529.0,4,5,5,14,Campeones
159.0,Valentina Rodríguez,nuevo,37,M,2025-01-30,5,347413.0,69482.6,5,404.0,5,4,5,14,Campeones
160.0,Andrés García,recurrente,37,M,2024-08-30,5,304422.45,60884.490000000005,5,557.0,4,4,4,12,Leales
161.0,Luis Sánchez,recurrente,35,F,2024-12-04,2,103535.20000000001,51767.600000000006,2,461.0,5,1,1,7,Potenciales
162.0,Sofía García,nuevo,24,F,2024-02-15,8,461386.25,57673.28125,8,754.0,3,5,5,13,Campeones
163.0,Laura Sánchez,nuevo,48,M,2024-08-29,3,204019.3,68006.43333333333,3,558.0,4,2,3,9,Potenciales
164.0,Valentina Sánchez,nuevo,28,M,2023-06-09,4,290707.7,72676.925,4,1005.0,2,3,4,9,Potenciales
165.0,Sofía Pérez,nuevo,19,F,2023-10-08,1,72981.90000000001,72981.90000000001,1,884.0,2,1,1,4,Prometedores
166.0,Laura García,nuevo,68,F,2024-06-12,1,66160.0,66160.0,1,636.0,4,1,1,6,Prometedores
167.0,María Rodríguez,nuevo,35,F,2024-09-19,1,66795.0,66795.0,1,537.0,4,1,1,6,Prometedores
168.0,Luis García,recurrente,38,F,2025-01-30,3,142401.65,47467.21666666667,3,404.0,5,2,2,9,Potenciales
169.0,Luis Sánchez,recurrente,70,M,2023-07-04,1,78100.0,78100.0,1,980.0,2,1,1,4,Prometedores
170.0,Luis González,recurrente,34,F,2021-09-11,1,58911.2,58911.2,1,1641.0,1,1,1,3,En riesgo
171.0,Laura Ramírez,nuevo,40,M,2024-12-06,1,62756.0,62756.0,1,459.0,5,1,1,7,Potenciales
172.0,Luis Martínez,nuevo,66,F,2024-09-06,4,227451.3,56862.825,4,550.0,4,3,3,10,Leales
173.0,Valentina Martínez,recurrente,66,F,2023-12-19,4,328683.6,82170.9,4,812.0,3,3,4,10,Leales
174.0,Valentina Sánchez,recurrente,40,F,,0,0.0,,0,999.0,2,1,1,4,Prometedores
175.0,Valentina Pérez,nuevo,26,M,2024-01-30,5,344545.75,68909.15,5,770.0,3,4,5,12,Leales
176.0,María González,recurrente,45,M,2023-11-03,1,37034.0,37034.0,1,858.0,2,1,1,4,Prometedores
177.0,Valentina López,recurrente,26,F,2024-07-26,4,225539.1,56384.775,4,592.0,4,3,3,10,Leales
178.0,Luis López,nuevo,58,M,2024-04-19,3,197618.65,65872.88333333333,3,690.0,3,2,2,7,Potenciales
179.0,Ana Sánchez,recurrente,36,M,2024-05-06,6,393049.3,65508.21666666667,6,673.0,3,5,5,13,Campeones
180.0,María García,nuevo,60,F,2024-08-26,6,394233.6,65705.59999999999,6,561.0,4,5,5,14,Campeones
181.0,Sofía Ramírez,recurrente,20,M,2023-04-28,3,141738.2,47246.06666666667,3,1047.0,2,2,2,6,Prometedores
182.0,Valentina Pérez,recurrente,63,M,2024-10-31,3,245348.55,81782.84999999999,3,495.0,5,2,3,10,Leales
183.0,Carlos López,recurrente,55,M,2024-06-05,4,218903.55,54725.8875,4,643.0,3,3,3,9,Potenciales
184.0,Carlos Ramírez,recurrente,52,M,2024-01-29,3,190594.40000000002,63531.466666666674,3,771.0,3,2,2,7,Potenciales
185.0,María Pérez,nuevo,28,M,2024-01-03,5,302331.4,60466.280000000006,5,797.0,3,4,4,11,Leales
186.0,Carlos Sánchez,recurrente,62,F,2023-06-03,4,300196.85,75049.2125,4,1011.0,2,3,4,9,Potenciales
187.0,Valentina López,nuevo,37,F,2023-06-03,3,236131.7,78710.56666666667,3,1011.0,2,2,3,7,Potenciales
188.0,Luis Rodríguez,nuevo,19,M,2024-09-28,2,106758.1,53379.05,2,528.0,4,1,1,6,Prometedores
189.0,Pedro López,recurrente,36,M,2024-11-18,2,77106.0,38553.0,2,477.0,5,1,1,7,Potenciales
190.0,Pedro González,recurrente,64,M,2021-12-22,2,173915.0,86957.5,2,1539.0,1,1,2,4,Prometedores
191.0,Carlos Pérez,recurrente,23,F,2025-01-30,2,89049.6,44524.8,2,404.0,5,1,1,7,Potenciales
192.0,Laura González,nuevo,38,F,2022-05-26,4,286844.14999999997,71711.03749999999,4,1384.0,1,3,4,8,Potenciales
193.0,Carlos García,recurrente,29,M,2023-04-21,3,184509.0,61503.0,3,1054.0,2,2,2,6,Prometedores
194.0,Ana García,nuevo,40,F,2024-11-23,4,208251.6,52062.9,4,472.0,5,3,3,11,Leales
195.0,Valentina Pérez,nuevo,67,M,2024-09-06,4,224870.5,56217.625,4,550.0,4,3,3,10,Leales
196.0,Laura García,recurrente,18,M,2024-06-11,6,275027.2,45837.86666666667,6,637.0,4,5,4,13,Campeones
197.0,Carlos Pérez,recurrente,65,F,2024-11-18,4,248997.95,62249.4875,4,477.0,5,3,3,11,Leales
198.0,María Pérez,nuevo,30,M,2024-02-09,4,241112.75,60278.1875,4,760.0,3,3,3,9,Potenciales
199.0,Valentina Rodríguez,recurrente,62,M,2024-10-10,6,350884.3,58480.71666666667,6,516.0,4,5,5,14,Campeones
200.0,Juan Sánchez,recurrente,18,M,2024-05-02,3,198504.09999999998,66168.03333333333,3,677.0,3,2,2,7,Potenciales
201.0,Valentina Martínez,nuevo,54,F,2022-06-18,6,308797.0,51466.166666666664,6,1361.0,1,5,4,10,Leales
202.0,Ana Martínez,recurrente,52,F,2024-06-10,5,323049.85,64609.969999999994,5,638.0,4,4,4,12,Leales
203.0,Pedro García,recurrente,41,M,2022-09-25,1,88741.4,88741.4,1,1262.0,1,1,1,3,En riesgo
204.0,Pedro Sánchez,recurrente,23,M,2024-02-03,4,261501.7,65375.425,4,766.0,3,3,3,9,Potenciales
205.0,Laura Sánchez,recurrente,22,M,2024-03-20,10,596029.95,59602.994999999995,10,720.0,3,5,5,13,Campeones
206.0,Pedro Martínez,recurrente,53,M,2024-08-30,5,285083.89999999997,57016.77999999999,5,557.0,4,4,4,12,Leales
207.0,Pedro Ramírez,nuevo,35,M,2023-02-14,5,321799.15,64359.83,5,1120.0,1,4,4,9,Potenciales
208.0,Laura Ramírez,nuevo,47,F,2024-12-27,4,251597.1,62899.275,4,438.0,5,3,3,11,Leales
209.0,Luis García,recurrente,28,M,2024-11-13,5,375491.95,75098.39,5,482.0,5,4,5,14,Campeones
210.0,Carlos García,nuevo,37,F,2025-01-30,4,295761.8,73940.45,4,404.0,5,3,4,12,Leales
211.0,Laura Ramírez,nuevo,19,F,2024-05-02,4,246913.8,61728.45,4,677.0,3,3,3,9,Potenciales
212.0,Valentina González,recurrente,40,M,2025-01-30,8,466130.65,58266.33125,8,404.0,5,5,5,15,Campeones
213.0,Sofía Ramírez,nuevo,60,M,2024-12-29,8,435617.25,54452.15625,8,436.0,5,5,5,15,Campeones
214.0,Carlos Rodríguez,recurrente,19,F,2023-11-24,5,281780.8,56356.159999999996,5,837.0,2,4,4,10,Leales
215.0,Ana Ramírez,nuevo,68,M,2024-03-03,6,395006.45,65834.40833333334,6,737.0,3,5,5,13,Campeones
216.0,Andrés Pérez,nuevo,68,F,2024-07-24,8,499997.45,62499.68125,8,594.0,4,5,5,14,Campeones
217.0,Luis González,recurrente,66,F,2024-10-26,2,102687.70000000001,51343.850000000006,2,500.0,5,1,1,7,Potenciales
218.0,Ana Martínez,nuevo,21,F,2024-06-21,6,339968.35,56661.39166666666,6,627.0,4,5,4,13,Campeones
219.0,Valentina Pérez,nuevo,44,F,2024-07-15,4,198218.3,49554.575,4,603.0,4,3,2,9,Potenciales
220.0,Pedro Pérez,recurrente,55,M,2023-05-09,5,294043.45,58808.69,5,1036.0,2,4,4,10,Leales
221.0,Valentina Sánchez,nuevo,28,M,2025-01-30,5,309263.3,61852.659999999996,5,404.0,5,4,4,13,Campeones
222.0,Luis Rodríguez,recurrente,23,M,2022-07-21,1,66583.2,66583.2,1,1328.0,1,1,1,3,En riesgo
223.0,Carlos Pérez,nuevo,47,F,2023-03-09,7,359746.35,51392.33571428571,7,1097.0,1,5,5,11,Leales
224.0,Luis López,nuevo,48,M,2023-09-28,6,385132.2,64188.700000000004,6,894.0,2,5,5,12,Leales
225.0,Andrés Martínez,recurrente,41,M,2024-08-31,3,156355.8,52118.6,3,556.0,4,2,2,8,Potenciales
226.0,Juan Martínez,recurrente,35,M,2023-09-14,8,452719.05,56589.88125,8,908.0,2,5,5,12,Leales
227.0,María González,recurrente,59,M,2025-01-30,5,314073.45,62814.69,5,404.0,5,4,4,13,Campeones
228.0,Ana Martínez,recurrente,23,F,2024-08-09,9,510056.8,56672.97777777778,9,578.0,4,5,5,14,Campeones
229.0,Sofía Sánchez,nuevo,69,F,2022-04-18,2,136219.0,68109.5,2,1422.0,1,1,2,4,Prometedores
230.0,Luis López,recurrente,48,M,2024-07-14,4,239991.2,59997.8,4,604.0,4,3,3,10,Leales
231.0,Andrés López,nuevo,21,M,2023-04-07,10,657856.75,65785.675,10,1068.0,2,5,5,12,Leales
232.0,Ana Pérez,recurrente,60,M,2023-02-06,2,76968.45,38484.225,2,1128.0,1,1,1,3,En riesgo
233.0,Luis López,nuevo,41,F,2024-08-01,1,58114.5,58114.5,1,586.0,4,1,1,6,Prometedores
234.0,Valentina González,recurrente,27,M,2024-11-07,3,196937.30000000002,65645.76666666668,3,488.0,5,2,2,9,Potenciales
235.0,Valentina Rodríguez,nuevo,43,M,2022-07-30,4,247020.1,61755.025,3,1319.0,1,3,3,7,Potenciales
236.0,Luis Ramírez,recurrente,30,F,2024-06-28,6,339176.7,56529.450000000004,6,620.0,4,5,4,13,Campeones
237.0,Ana García,nuevo,35,M,2025-01-30,6,436289.4,72714.90000000001,6,404.0,5,5,5,15,Campeones
238.0,Ana González,recurrente,62,M,2024-07-28,6,376974.5,62829.083333333336,6,590.0,4,5,5,14,Campeones
239.0,Sofía López,recurrente,27,M,2023-08-03,7,408801.6,58400.22857142857,7,950.0,2,5,5,12,Leales
240.0,Andrés Sánchez,recurrente,68,M,2023-01-19,1,35579.4,35579.4,1,1146.0,1,1,1,3,En riesgo
241.0,Pedro Ramírez,nuevo,48,F,2024-11-10,3,150531.2,50177.06666666667,3,485.0,5,2,2,9,Potenciales
242.0,Pedro González,nuevo,44,M,2024-01-06,6,437773.5,72962.25,6,794.0,3,5,5,13,Campeones
243.0,Carlos Martínez,nuevo,30,F,2024-07-06,2,124406.95000000001,62203.475000000006,2,612.0,4,1,2,7,Potenciales
244.0,Laura García,recurrente,39,M,2024-08-08,4,235366.2,58841.55,4,579.0,4,3,3,10,Leales
245.0,Laura Martínez,recurrente,33,M,2024-08-27,7,326695.7,46670.81428571429,7,560.0,4,5,4,13,Campeones
246.0,Ana Rodríguez,nuevo,18,M,2022-04-24,2,151374.8,75687.4,2,1416.0,1,1,2,4,Prometedores
247.0,Carlos López,recurrente,24,F,2023-07-14,2,121942.7,60971.35,2,970.0,2,1,1,4,Prometedores
248.0,María López,nuevo,69,F,2023-04-30,8,412333.25,51541.65625,8,1045.0,2,5,5,12,Leales
249.0,Juan Ramírez,nuevo,53,F,2023-12-30,5,311582.4,62316.48,5,801.0,3,4,4,11,Leales
250.0,Carlos Rodríguez,recurrente,56,M,2024-08-19,4,277666.4,69416.6,4,568.0,4,3,4,11,Leales
251.0,Laura Rodríguez,nuevo,42,F,2023-03-05,3,164268.7,54756.23333333334,3,1101.0,1,2,2,5,Prometedores
252.0,Sofía González,recurrente,33,F,2024-06-01,9,573054.0,63672.666666666664,9,647.0,3,5,5,13,Campeones
253.0,Andrés Sánchez,recurrente,24,F,2024-11-29,6,365798.5,60966.416666666664,6,466.0,5,5,5,15,Campeones
254.0,Pedro Rodríguez,recurrente,56,M,2024-08-13,3,211160.65000000002,70386.88333333335,3,574.0,4,2,3,9,Potenciales
255.0,Luis Martínez,nuevo,69,M,2024-05-28,3,183130.7,61043.56666666667,3,651.0,3,2,2,7,Potenciales
256.0,Pedro González,nuevo,43,M,2024-10-25,7,464479.89999999997,66354.27142857142,7,501.0,5,5,5,15,Campeones
257.0,Carlos López,nuevo,51,M,2023-03-15,2,117804.70000000001,58902.350000000006,2,1091.0,1,1,1,3,En riesgo
258.0,Ana García,nuevo,37,M,2024-04-09,6,398396.9,66399.48333333334,6,700.0,3,5,5,13,Campeones
259.0,Sofía López,recurrente,46,F,2024-09-04,5,270326.55,54065.31,5,552.0,4,4,4,12,Leales
260.0,Andrés López,recurrente,60,M,2023-12-23,2,122556.8,61278.4,2,808.0,3,1,1,5,Prometedores
261.0,Luis González,nuevo,65,M,2024-06-19,3,185543.8,61847.93333333333,3,629.0,4,2,2,8,Potenciales
262.0,Laura Martínez,recurrente,33,M,2025-01-30,7,444626.6,63518.08571428571,7,404.0,5,5,5,15,Campeones
263.0,Valentina Rodríguez,recurrente,65,M,2022-12-24,1,54344.75,54344.75,1,1172.0,1,1,1,3,En riesgo
264.0,Pedro Sánchez,recurrente,64,M,2024-02-07,7,351046.14999999997,50149.45,7,762.0,3,5,5,13,Campeones
265.0,Ana Pérez,recurrente,61,M,2024-07-19,5,280386.6,56077.31999999999,5,599.0,4,4,4,12,Leales
266.0,Carlos Ramírez,recurrente,31,F,2020-07-17,1,34838.95,34838.95,1,2062.0,1,1,1,3,En riesgo
267.0,Laura López,nuevo,70,M,2024-11-20,2,118787.65,59393.825,2,475.0,5,1,1,7,Potenciales
268.0,Pedro Martínez,nuevo,27,M,2024-12-10,4,293151.6,73287.9,4,455.0,5,3,4,12,Leales
269.0,Andrés García,nuevo,42,F,2024-11-18,3,161759.4,53919.799999999996,3,477.0,5,2,2,9,Potenciales
270.0,Juan García,recurrente,36,F,2024-08-23,8,554621.9,69327.7375,7,564.0,4,5,5,14,Campeones
271.0,Pedro Pérez,recurrente,46,M,2021-08-24,3,166050.1,55350.03333333333,3,1659.0,1,2,2,5,Prometedores
272.0,Pedro Pérez,nuevo,59,M,2025-01-30,4,261006.15,65251.5375,4,404.0,5,3,3,11,Leales
273.0,Luis Martínez,nuevo,63,M,,0,0.0,,0,999.0,2,1,1,4,Prometedores
274.0,Luis Pérez,recurrente,50,F,2020-11-08,2,158812.2,79406.1,2,1948.0,1,1,2,4,Prometedores
275.0,Valentina Sánchez,recurrente,59,M,2024-06-01,2,71543.65,35771.825,2,647.0,3,1,1,5,Prometedores
276.0,Pedro Rodríguez,nuevo,55,F,2023-01-14,3,223393.3,74464.43333333333,3,1151.0,1,2,3,6,Prometedores
277.0,María González,recurrente,21,F,2024-04-20,7,388680.25,55525.75,7,689.0,3,5,5,13,Campeones
278.0,Valentina Sánchez,recurrente,20,M,2024-01-31,7,427944.5,61134.92857142857,7,769.0,3,5,5,13,Campeones
279.0,Laura Ramírez,nuevo,45,M,2023-12-09,1,67155.5,67155.5,1,822.0,3,1,1,5,Prometedores
280.0,María Pérez,recurrente,61,M,2023-09-19,3,208606.75,69535.58333333333,3,903.0,2,2,3,7,Potenciales
281.0,María López,nuevo,31,M,2024-12-06,7,453873.05,64839.00714285714,7,459.0,5,5,5,15,Campeones
282.0,Juan Rodríguez,nuevo,43,M,2023-06-09,2,144686.75,72343.375,2,1005.0,2,1,2,5,Prometedores
283.0,María Martínez,recurrente,22,M,2023-12-25,4,202434.5,50608.625,4,806.0,3,3,3,9,Potenciales
284.0,Luis García,nuevo,53,M,,0,0.0,,0,999.0,2,1,1,4,Prometedores
285.0,Carlos Rodríguez,recurrente,35,M,2024-06-01,4,253031.5,63257.875,4,647.0,3,3,3,9,Potenciales
286.0,Laura Martínez,nuevo,64,M,2024-10-19,5,285567.85,57113.56999999999,5,507.0,5,4,4,13,Campeones
287.0,María González,nuevo,34,M,2024-12-01,4,291752.35,72938.0875,4,464.0,5,3,4,12,Leales
288.0,Pedro Pérez,nuevo,60,F,2024-11-22,3,156219.94999999998,52073.31666666666,3,473.0,5,2,2,9,Potenciales
289.0,Andrés López,nuevo,54,M,2024-08-20,5,280730.5,56146.1,5,567.0,4,4,4,12,Leales
290.0,Andrés Martínez,nuevo,69,M,2022-12-16,4,235808.3,58952.075,4,1180.0,1,3,3,7,Potenciales
291.0,Luis Ramírez,recurrente,59,M,2020-12-25,3,203375.1,67791.7,3,1901.0,1,2,3,6,Prometedores
292.0,Ana Ramírez,recurrente,67,F,2023-10-20,4,226435.40000000002,56608.850000000006,4,872.0,2,3,3,8,Potenciales
293.0,Juan Martínez,recurrente,35,M,2024-01-02,5,369327.95,73865.59,5,798.0,3,4,5,12,Leales
294.0,Luis Rodríguez,recurrente,43,M,2025-01-30,2,118320.8,59160.4,2,404.0,5,1,1,7,Potenciales
295.0,Pedro García,recurrente,52,M,2022-10-07,3,156863.55,52287.85,3,1250.0,1,2,2,5,Prometedores
296.0,María Ramírez,recurrente,57,M,2024-05-20,5,289751.05,57950.21,5,659.0,3,4,4,11,Leales
297.0,Luis García,nuevo,36,F,2024-05-21,3,138104.8,46034.93333333333,3,658.0,3,2,2,7,Potenciales
298.0,Andrés González,nuevo,39,M,2024-11-26,5,265412.3,53082.46,5,469.0,5,4,3,12,Leales
299.0,Valentina García,nuevo,70,F,2024-08-22,4,235779.25,58944.8125,4,565.0,4,3,3,10,Leales
300.0,Luis López,recurrente,51,M,2020-11-12,2,120899.84999999999,60449.924999999996,2,1944.0,1,1,1,3,En riesgo
301.0,Luis Ramírez,recurrente,37,F,2023-06-17,6,332285.4,55380.9,6,997.0,2,5,4,11,Leales
302.0,Laura Rodríguez,recurrente,62,F,2023-11-25,6,422671.4,70445.23333333334,6,836.0,2,5,5,12,Leales
303.0,Juan Martínez,recurrente,70,M,2024-11-18,7,354926.2,50703.74285714286,7,477.0,5,5,5,15,Campeones
304.0,Carlos García,recurrente,62,M,2022-12-22,3,163553.8,54517.93333333333,3,1174.0,1,2,2,5,Prometedores
305.0,Luis González,nuevo,29,M,2024-12-24,4,282031.35,70507.8375,4,441.0,5,3,4,12,Leales
306.0,Valentina González,recurrente,18,F,2020-08-07,2,129639.0,64819.5,2,2041.0,1,1,2,4,Prometedores
307.0,María Rodríguez,recurrente,23,F,2023-11-22,3,169205.2,56401.73333333334,3,839.0,2,2,2,6,Prometedores
308.0,Juan García,recurrente,25,F,2025-01-30,2,131484.0,65742.0,2,404.0,5,1,2,8,Potenciales
309.0,Valentina López,nuevo,48,M,2022-12-27,3,218233.6,72744.53333333334,3,1169.0,1,2,3,6,Prometedores
310.0,Pedro García,nuevo,18,F,2024-07-29,5,270278.7,54055.740000000005,5,589.0,4,4,4,12,Leales
311.0,Luis Pérez,nuevo,64,M,,0,0.0,,0,999.0,2,1,1,4,Prometedores
312.0,Pedro García,recurrente,51,M,2022-05-15,4,189935.75,47483.9375,4,1395.0,1,3,2,6,Prometedores
313.0,Luis Pérez,recurrente,50,F,2025-01-30,1,78557.84999999999,78557.84999999999,1,404.0,5,1,1,7,Potenciales
314.0,María Martínez,nuevo,61,M,2021-12-04,2,109568.25,54784.125,2,1557.0,1,1,1,3,En riesgo
315.0,María González,nuevo,49,M,2023-10-29,3,128594.4,42864.799999999996,3,863.0,2,2,2,6,Prometedores
316.0,Valentina Pérez,nuevo,69,M,2024-09-01,5,334351.55,66870.31,5,555.0,4,4,4,12,Leales
317.0,Luis Rodríguez,recurrente,22,F,2022-06-16,1,89711.1,89711.1,1,1363.0,1,1,1,3,En riesgo
318.0,Pedro López,nuevo,22,M,2023-11-13,3,162904.6,54301.53333333333,3,848.0,2,2,2,6,Prometedores
319.0,Laura Pérez,recurrente,50,M,,0,0.0,,0,999.0,2,1,1,4,Prometedores
320.0,Pedro López,recurrente,32,F,2022-11-06,3,193830.8,64610.26666666666,3,1220.0,1,2,2,5,Prometedores
321.0,Pedro Sánchez,nuevo,38,F,2024-03-18,6,279749.95,46624.99166666667,6,722.0,3,5,4,12,Leales
322.0,Sofía Sánchez,nuevo,42,M,2024-12-30,3,179468.1,59822.700000000004,3,435.0,5,2,2,9,Potenciales
323.0,Sofía González,recurrente,20,F,2023-09-15,5,281603.7,56320.740000000005,5,907.0,2,4,4,10,Leales
324.0,Valentina Pérez,recurrente,39,M,2020-04-01,3,149642.4,49880.799999999996,3,2169.0,1,2,2,5,Prometedores
325.0,María Sánchez,recurrente,49,F,2024-12-19,3,163229.4,54409.799999999996,3,446.0,5,2,2,9,Potenciales
326.0,Sofía González,nuevo,26,F,2024-09-21,5,312578.95,62515.79,5,535.0,4,4,4,12,Leales
327.0,Luis Ramírez,recurrente,30,M,2024-05-24,5,255113.5,51022.7,5,655.0,3,4,3,10,Leales
328.0,Juan González,recurrente,68,M,2023-09-20,2,145527.8,72763.9,2,902.0,2,2,2,6,Prometedores
329.0,Andrés García,nuevo,18,F,2024-06-28,4,238177.9,59544.475,4,620.0,4,3,3,10,Leales
330.0,Laura López,nuevo,49,M,2024-01-05,1,69722.1,69722.1,1,795.0,3,1,1,5,Prometedores
331.0,Juan Rodríguez,recurrente,47,F,2023-08-04,1,69151.45,69151.45,1,949.0,2,1,1,4,Prometedores
332.0,Pedro Ramírez,recurrente,21,M,2024-04-17,6,292013.8,48668.96666666667,6,692.0,3,5,4,12,Leales
333.0,Andrés González,nuevo,65,M,2023-03-12,4,233412.44999999998,58353.112499999996,4,1094.0,1,3,3,7,Potenciales
334.0,Sofía Sánchez,recurrente,70,M,2022-07-31,3,189379.6,63126.53333333333,3,1318.0,1,2,2,5,Prometedores
335.0,Valentina López,nuevo,18,M,2021-04-01,2,79869.9,39934.95,2,1804.0,1,2,1,4,Prometedores
336.0,Juan Ramírez,nuevo,46,M,2025-01-30,7,448158.3,64022.614285714284,7,404.0,5,5,5,15,Campeones
337.0,Juan González,nuevo,36,F,2023-05-02,2,148180.8,74090.4,2,1043.0,2,2,2,6,Prometedores
338.0,Carlos Pérez,recurrente,51,M,2024-04-20,2,142240.15000000002,71120.07500000001,2,689.0,3,2,2,7,Potenciales
339.0,Pedro Rodríguez,recurrente,58,M,2024-07-04,5,345061.3,69012.26,5,614.0,4,4,5,13,Campeones
340.0,Carlos Sánchez,recurrente,43,F,2023-10-28,7,457819.55,65402.79285714286,7,864.0,2,5,5,12,Leales
341.0,Laura Rodríguez,recurrente,68,M,2023-07-06,11,619830.15,56348.19545454546,11,978.0,2,5,5,12,Leales
342.0,Valentina Sánchez,recurrente,53,F,2023-05-26,4,228862.55,57215.6375,4,1019.0,2,3,3,8,Potenciales
343.0,Luis García,recurrente,38,F,2023-11-05,3,175036.2,58345.4,3,856.0,2,2,2,6,Prometedores
344.0,Pedro Ramírez,recurrente,25,M,2022-10-10,2,154131.2,77065.6,2,1247.0,1,2,2,5,Prometedores
345.0,Carlos Sánchez,nuevo,46,F,2024-07-12,8,410874.10000000003,51359.262500000004,8,606.0,4,5,5,14,Campeones
346.0,Carlos Pérez,nuevo,63,F,2024-06-26,2,108989.9,54494.95,2,622.0,4,2,1,7,Potenciales
347.0,Pedro García,recurrente,37,M,2024-08-03,4,223062.45,55765.6125,4,584.0,4,3,3,10,Leales
348.0,Luis Sánchez,recurrente,50,M,2024-09-22,6,403483.3,67247.21666666666,6,534.0,4,5,5,14,Campeones
349.0,Andrés López,nuevo,18,F,2024-12-12,2,158877.45,79438.725,2,453.0,5,2,2,9,Potenciales
350.0,Ana González,nuevo,29,M,2024-04-18,3,163225.3,54408.43333333333,3,691.0,3,2,2,7,Potenciales
351.0,Laura Rodríguez,nuevo,41,M,2023-02-03,5,331201.45,66240.29000000001,5,1131.0,1,4,4,9,Potenciales
352.0,Sofía Sánchez,nuevo,47,F,2024-12-18,5,285006.55,57001.31,5,447.0,5,4,4,13,Campeones
353.0,Pedro Pérez,recurrente,34,M,2024-06-25,7,524212.7,74887.52857142857,7,623.0,4,5,5,14,Campeones
354.0,Sofía Ramírez,recurrente,64,M,2024-09-08,3,232914.95,77638.31666666667,3,548.0,4,2,3,9,Potenciales
355.0,Pedro Rodríguez,recurrente,41,M,2024-03-30,2,107601.1,53800.55,2,710.0,3,2,1,6,Prometedores
356.0,Carlos Ramírez,nuevo,21,M,2024-04-25,6,364872.14999999997,60812.024999999994,6,684.0,3,5,5,13,Campeones
357.0,Sofía López,nuevo,68,F,2024-04-06,6,407271.1,67878.51666666666,6,703.0,3,5,5,13,Campeones
358.0,Valentina Ramírez,recurrente,61,F,2024-05-20,4,257425.0,64356.25,4,659.0,3,3,3,9,Potenciales
359.0,Andrés Martínez,recurrente,69,M,2023-04-16,2,100438.4,50219.2,2,1059.0,2,2,1,5,Prometedores
360.0,Andrés López,nuevo,23,F,2024-04-20,5,248760.0,49752.0,5,689.0,3,4,3,10,Leales
361.0,Carlos López,recurrente,23,F,2024-09-21,6,364676.95,60779.49166666667,6,535.0,4,5,5,14,Campeones
362.0,Carlos Rodríguez,recurrente,62,M,2024-05-08,3,199230.65,66410.21666666666,3,671.0,3,2,2,7,Potenciales
363.0,Ana García,nuevo,39,M,2024-07-17,5,301768.4,60353.68000000001,5,601.0,4,4,4,12,Leales
364.0,Juan Sánchez,nuevo,36,M,2024-04-17,5,250506.65,50101.33,5,692.0,3,4,3,10,Leales
365.0,Sofía Pérez,recurrente,21,F,2024-09-02,6,351073.89999999997,58512.31666666666,6,554.0,4,5,5,14,Campeones
366.0,María García,recurrente,43,F,2024-09-13,5,267502.35,53500.469999999994,5,543.0,4,4,4,12,Leales
367.0,Pedro Pérez,recurrente,62,F,2023-12-26,2,119206.0,59603.0,2,805.0,3,2,1,6,Prometedores
368.0,Luis Martínez,nuevo,41,M,,1,96627.0,96627.0,1,999.0,2,1,1,4,Prometedores
369.0,Valentina López,recurrente,25,M,2023-11-04,4,248551.69999999998,62137.924999999996,4,857.0,2,3,3,8,Potenciales
370.0,Andrés Rodríguez,nuevo,58,M,2022-02-02,4,233693.90000000002,58423.475000000006,4,1497.0,1,3,3,7,Potenciales
371.0,Juan García,recurrente,43,M,2023-05-15,4,223720.5,55930.125,4,1030.0,2,3,3,8,Potenciales
372.0,Valentina González,nuevo,25,M,2022-06-02,4,253916.15,63479.0375,4,1377.0,1,3,3,7,Potenciales
373.0,Pedro Ramírez,recurrente,37,F,2022-10-09,6,285357.1,47559.51666666666,6,1248.0,1,5,4,10,Leales
374.0,Andrés López,recurrente,21,F,2023-08-20,1,80483.09999999999,80483.09999999999,1,933.0,2,1,1,4,Prometedores
375.0,Carlos González,nuevo,57,M,,0,0.0,,0,999.0,2,1,1,4,Prometedores
376.0,Ana Sánchez,recurrente,62,M,2025-01-30,4,286230.35,71557.5875,4,404.0,5,3,4,12,Leales
377.0,María Sánchez,recurrente,36,F,2021-05-19,4,296567.25,74141.8125,4,1756.0,1,3,4,8,Potenciales
378.0,Andrés Pérez,nuevo,58,M,2023-12-19,6,421871.65,70311.94166666667,6,812.0,3,5,5,13,Campeones
379.0,Valentina Martínez,recurrente,56,F,2024-07-14,5,242554.2,48510.840000000004,5,604.0,4,4,3,11,Leales
380.0,Laura López,nuevo,44,M,2023-12-15,2,178224.5,89112.25,2,816.0,3,2,2,7,Potenciales
381.0,Ana López,recurrente,68,M,2021-09-02,2,142947.6,71473.8,2,1650.0,1,2,2,5,Prometedores
382.0,Andrés Pérez,recurrente,50,F,2022-10-04,2,156345.6,78172.8,2,1253.0,1,2,2,5,Prometedores
383.0,Pedro Pérez,recurrente,22,F,2023-08-17,4,232448.5,58112.125,4,936.0,2,3,3,8,Potenciales
384.0,Laura Ramírez,recurrente,52,F,2024-05-01,6,368957.65,61492.94166666667,6,678.0,3,5,5,13,Campeones
385.0,Laura González,nuevo,46,F,2024-09-12,4,161755.2,40438.8,4,544.0,4,3,2,9,Potenciales
386.0,María Martínez,recurrente,63,F,2021-01-31,1,39636.0,39636.0,1,1864.0,1,1,1,3,En riesgo
387.0,María Sánchez,nuevo,67,F,2020-05-01,1,77804.75,77804.75,1,2139.0,1,1,1,3,En riesgo
388.0,Carlos López,nuevo,57,F,2024-11-02,6,413850.75,68975.125,6,493.0,5,5,5,15,Campeones
389.0,Laura Pérez,nuevo,58,M,2023-01-12,5,296262.0,59252.4,5,1153.0,1,4,4,9,Potenciales
390.0,Ana Martínez,nuevo,64,F,2024-06-03,3,184114.5,61371.5,3,645.0,3,2,2,7,Potenciales
391.0,Ana Sánchez,recurrente,55,F,2020-06-05,1,48224.85,48224.85,1,2104.0,1,1,1,3,En riesgo
392.0,Sofía Rodríguez,nuevo,26,M,2024-10-06,6,372150.65,62025.10833333334,6,520.0,4,5,5,14,Campeones
393.0,Pedro Sánchez,recurrente,65,M,2023-06-14,2,104670.7,52335.35,2,1000.0,2,2,1,5,Prometedores
394.0,Pedro Pérez,nuevo,22,M,2024-07-13,3,165291.2,55097.06666666667,3,605.0,4,2,2,8,Potenciales
395.0,Andrés Martínez,nuevo,44,F,2024-03-13,7,446792.85,63827.549999999996,7,727.0,3,5,5,13,Campeones
396.0,Valentina Rodríguez,nuevo,37,F,2023-07-10,3,223393.55,74464.51666666666,3,974.0,2,2,3,7,Potenciales
397.0,María García,nuevo,54,M,2023-09-18,4,214841.10000000003,53710.27500000001,4,904.0,2,3,3,8,Potenciales
398.0,Ana Martínez,nuevo,31,M,2022-11-23,3,200143.8,66714.59999999999,3,1203.0,1,2,3,6,Prometedores
399.0,Luis Pérez,recurrente,52,F,2023-04-22,2,105861.2,52930.6,2,1053.0,2,2,1,5,Prometedores
400.0,Luis González,nuevo,30,M,2020-10-06,2,113209.6,56604.8,2,1981.0,1,2,1,4,Prometedores
401.0,Sofía Sánchez,recurrente,26,F,2024-08-26,7,378959.0,54137.0,7,561.0,4,5,5,14,Campeones
402.0,Sofía Pérez,nuevo,55,F,2025-01-30,3,219730.75,73243.58333333333,3,404.0,5,2,3,10,Leales
403.0,Valentina Sánchez,recurrente,46,M,2022-09-14,4,284611.2,71152.8,4,1273.0,1,3,4,8,Potenciales
404.0,Valentina Pérez,recurrente,46,M,2024-05-04,2,140151.85,70075.925,2,675.0,3,2,2,7,Potenciales
405.0,Carlos Rodríguez,recurrente,42,M,2023-07-07,2,88540.8,44270.4,2,977.0,2,2,1,5,Prometedores
406.0,Pedro Sánchez,recurrente,33,M,2024-02-21,5,310317.15,62063.43000000001,5,748.0,3,4,4,11,Leales
407.0,Pedro Rodríguez,recurrente,33,F,2022-03-09,2,142252.95,71126.475,2,1462.0,1,2,2,5,Prometedores
408.0,María Sánchez,recurrente,53,F,2024-02-19,5,262404.5,52480.9,5,750.0,3,4,3,10,Leales
409.0,Carlos Pérez,nuevo,32,M,2024-03-19,3,191057.1,63685.700000000004,3,721.0,3,3,2,8,Potenciales
410.0,María López,nuevo,52,F,2022-11-30,5,261039.6,52207.92,5,1196.0,1,4,3,8,Potenciales
411.0,Andrés Pérez,recurrente,67,M,2024-04-10,6,371228.64999999997,61871.44166666666,6,699.0,3,5,5,13,Campeones
412.0,Valentina Pérez,recurrente,52,F,2024-10-13,6,322507.4,53751.23333333334,6,513.0,5,5,4,14,Campeones
413.0,María Sánchez,recurrente,39,M,2021-01-07,2,142311.05,71155.525,2,1888.0,1,2,2,5,Prometedores
414.0,María Martínez,nuevo,58,M,2024-11-01,7,475276.6,67896.65714285713,7,494.0,5,5,5,15,Campeones
415.0,Juan Ramírez,recurrente,20,M,2025-01-30,4,193494.0,48373.5,4,404.0,5,3,2,10,Leales
416.0,Sofía Pérez,nuevo,67,M,2024-09-08,4,266104.85,66526.2125,4,548.0,4,3,3,10,Leales
417.0,Ana García,recurrente,37,F,2025-01-30,5,272323.95,54464.79,5,404.0,5,4,4,13,Campeones
418.0,Laura López,nuevo,46,M,2022-04-28,1,51087.2,51087.2,1,1412.0,1,1,1,3,En riesgo
419.0,Carlos Sánchez,recurrente,21,F,2023-10-30,2,158312.0,79156.0,2,862.0,2,2,2,6,Prometedores
420.0,Carlos Martínez,recurrente,35,M,2024-05-26,6,444994.75,74165.79166666667,6,653.0,3,5,5,13,Campeones
421.0,Sofía López,recurrente,23,M,2022-08-08,7,421432.95,60204.70714285714,6,1310.0,1,5,5,11,Leales
422.0,Sofía García,recurrente,20,M,2023-06-16,1,49906.9,49906.9,1,998.0,2,1,1,4,Prometedores
423.0,Carlos Rodríguez,recurrente,52,M,2024-07-07,4,188599.25,47149.8125,4,611.0,4,3,2,9,Potenciales
424.0,Luis Rodríguez,nuevo,64,M,2023-10-17,5,343133.5,68626.7,5,875.0,2,4,4,10,Leales
425.0,Pedro García,nuevo,22,F,2024-07-21,5,246286.8,49257.36,5,597.0,4,4,3,11,Leales
426.0,Juan López,recurrente,33,M,2021-11-20,3,204586.59999999998,68195.53333333333,3,1571.0,1,3,3,7,Potenciales
427.0,Juan Martínez,recurrente,36,M,2024-06-21,4,253941.75,63485.4375,4,627.0,4,3,3,10,Leales
428.0,Ana Rodríguez,nuevo,64,M,2024-03-30,5,319640.5,63928.1,4,710.0,3,4,4,11,Leales
429.0,Sofía Rodríguez,recurrente,26,M,2024-10-11,7,401962.0,57423.142857142855,7,515.0,4,5,5,14,Campeones
430.0,Valentina Sánchez,nuevo,68,M,2024-07-06,2,183195.1,91597.55,2,612.0,4,2,2,8,Potenciales
431.0,Sofía Pérez,recurrente,45,M,2023-08-24,5,309105.65,61821.130000000005,5,929.0,2,4,4,10,Leales
432.0,Andrés Ramírez,recurrente,63,M,2024-04-23,8,456417.75000000006,57052.21875000001,8,686.0,3,5,5,13,Campeones
433.0,Ana Ramírez,recurrente,49,M,2021-05-24,5,303062.6,60612.52,5,1751.0,1,4,4,9,Potenciales
434.0,Carlos Martínez,nuevo,40,M,2024-08-20,3,127136.45,42378.816666666666,3,567.0,4,3,2,9,Potenciales
435.0,Pedro García,recurrente,33,F,2022-07-28,5,274179.4,54835.880000000005,5,1321.0,1,4,4,9,Potenciales
436.0,Andrés González,nuevo,31,F,2024-05-08,4,298367.7,74591.925,4,671.0,3,3,4,10,Leales
437.0,Sofía López,recurrente,44,M,2024-10-01,5,291146.25,58229.25,5,525.0,4,4,4,12,Leales
438.0,Pedro Pérez,nuevo,21,F,2024-03-14,5,248772.85,49754.57,5,726.0,3,4,3,10,Leales
439.0,Pedro López,nuevo,31,M,2025-01-30,5,359378.25,71875.65,5,404.0,5,4,5,14,Campeones
440.0,Luis Ramírez,recurrente,36,M,2023-06-23,4,294360.2,73590.05,4,991.0,2,3,4,9,Potenciales
441.0,María López,recurrente,60,M,2024-10-24,5,286220.65,57244.130000000005,5,502.0,5,4,4,13,Campeones
442.0,Ana Martínez,recurrente,56,F,2024-03-08,5,239390.25,47878.05,5,732.0,3,4,3,10,Leales
443.0,Andrés González,recurrente,66,F,2023-12-22,2,125537.4,62768.7,2,809.0,3,2,2,7,Potenciales
444.0,María Pérez,nuevo,63,M,2024-12-07,4,273990.85,68497.7125,4,458.0,5,3,4,12,Leales
445.0,Juan González,nuevo,54,M,2024-03-25,4,259706.2,64926.55,4,715.0,3,3,3,9,Potenciales
446.0,Luis García,recurrente,22,F,2022-04-24,5,261133.4,52226.68,5,1416.0,1,4,3,8,Potenciales
447.0,Juan Pérez,nuevo,56,M,2020-04-06,1,60883.2,60883.2,1,2164.0,1,1,1,3,En riesgo
448.0,Andrés Martínez,recurrente,23,F,2024-08-27,3,119793.20000000001,39931.06666666667,3,560.0,4,3,1,8,Potenciales
449.0,María García,nuevo,27,M,2024-10-30,3,211524.6,70508.2,3,496.0,5,3,3,11,Leales
450.0,Carlos Rodríguez,recurrente,29,M,2024-11-02,4,269988.55,67497.1375,4,493.0,5,4,4,13,Campeones
451.0,Valentina Ramírez,nuevo,50,M,2024-01-02,3,188380.0,62793.333333333336,3,798.0,3,3,2,8,Potenciales
452.0,Valentina Martínez,nuevo,70,M,2021-05-28,1,57402.9,57402.9,1,1747.0,1,1,1,3,En riesgo
453.0,Pedro Sánchez,recurrente,64,M,2023-04-30,4,266446.5,66611.625,4,1045.0,2,4,4,10,Leales
454.0,Pedro Rodríguez,recurrente,24,M,2024-08-09,5,268419.5,53683.9,5,578.0,4,4,4,12,Leales
455.0,Pedro Martínez,nuevo,47,M,2024-06-18,3,189789.19999999998,63263.06666666666,3,630.0,4,3,2,9,Potenciales
456.0,Valentina González,recurrente,19,M,2024-07-03,7,433547.75,61935.392857142855,7,615.0,4,5,5,14,Campeones
457.0,Andrés Pérez,recurrente,47,F,2024-01-16,5,213932.5,42786.5,5,784.0,3,4,3,10,Leales
458.0,Andrés Pérez,nuevo,64,M,2023-09-19,3,199983.8,66661.26666666666,3,903.0,2,3,3,8,Potenciales
459.0,Juan Ramírez,recurrente,62,F,2023-10-18,8,436614.75,54576.84375,8,874.0,2,5,5,12,Leales
460.0,Laura Sánchez,recurrente,38,F,2025-01-30,5,332312.2,66462.44,5,404.0,5,4,4,13,Campeones
461.0,Sofía López,recurrente,52,M,2024-03-30,2,95353.29999999999,47676.649999999994,2,710.0,3,2,1,6,Prometedores
462.0,Laura García,nuevo,23,F,2024-01-25,3,190006.05,63335.35,3,775.0,3,3,2,8,Potenciales
463.0,Sofía Rodríguez,recurrente,64,M,2023-05-16,2,117600.9,58800.45,2,1029.0,2,2,1,5,Prometedores
464.0,Andrés Martínez,nuevo,68,F,2024-07-25,2,133557.90000000002,66778.95000000001,2,593.0,4,2,2,8,Potenciales
465.0,Pedro González,nuevo,20,M,2024-11-23,6,431181.1,71863.51666666666,6,472.0,5,5,5,15,Campeones
466.0,Carlos García,nuevo,27,M,2024-11-24,2,130019.4,65009.7,2,471.0,5,2,2,9,Potenciales
467.0,María Sánchez,nuevo,60,M,2021-03-14,1,35597.0,35597.0,1,1822.0,1,1,1,3,En riesgo
468.0,María González,recurrente,24,M,2023-10-09,3,161635.7,53878.56666666667,3,883.0,2,3,2,7,Potenciales
469.0,Laura González,nuevo,52,M,2023-11-16,1,97504.0,97504.0,1,845.0,2,1,1,4,Prometedores
470.0,Sofía Sánchez,nuevo,25,M,,0,0.0,,0,999.0,2,1,1,4,Prometedores
471.0,Andrés Pérez,nuevo,63,F,2024-06-21,3,159212.05,53070.68333333333,3,627.0,4,3,2,9,Potenciales
472.0,Andrés Sánchez,recurrente,68,F,2024-11-23,4,251759.3,62939.825,4,472.0,5,4,3,12,Leales
473.0,Sofía Sánchez,nuevo,45,M,2024-09-30,2,102889.05,51444.525,2,526.0,4,2,1,7,Potenciales
474.0,Sofía García,nuevo,37,F,2023-05-21,2,109333.8,54666.9,2,1024.0,2,2,1,5,Prometedores
475.0,Sofía Rodríguez,recurrente,19,M,2025-01-30,4,237326.6,59331.65,4,404.0,5,4,3,12,Leales
476.0,Sofía García,recurrente,45,F,2024-10-26,5,328498.8,65699.76,5,500.0,5,4,4,13,Campeones
477.0,Valentina González,recurrente,46,M,2023-09-25,2,122861.2,61430.6,2,897.0,2,2,1,5,Prometedores
478.0,Valentina González,nuevo,62,F,2023-04-27,4,261508.19999999998,65377.049999999996,4,1048.0,2,4,3,9,Potenciales
479.0,Valentina González,recurrente,68,F,2024-06-06,5,229709.65,45941.93,5,642.0,4,4,3,11,Leales
480.0,Andrés López,nuevo,28,F,2023-10-28,5,334145.75,66829.15,5,864.0,2,4,4,10,Leales
481.0,Carlos González,recurrente,51,M,2024-04-18,3,166137.8,55379.26666666666,3,691.0,3,3,2,8,Potenciales
482.0,Carlos Pérez,recurrente,33,F,2022-03-02,1,82327.59999999999,82327.59999999999,1,1469.0,1,1,1,3,En riesgo
483.0,María Martínez,recurrente,37,M,2024-10-31,8,433499.95,54187.49375,8,495.0,5,5,5,15,Campeones
484.0,Carlos López,nuevo,23,F,2024-08-14,6,397157.60000000003,66192.93333333333,6,573.0,4,5,5,14,Campeones
485.0,María Ramírez,nuevo,25,M,2022-10-20,2,98571.29999999999,49285.649999999994,2,1237.0,1,2,1,4,Prometedores
486.0,Valentina López,recurrente,29,F,2023-05-11,4,160148.6,40037.15,4,1034.0,2,4,2,8,Potenciales
487.0,Ana Rodríguez,nuevo,63,M,2024-08-23,3,205017.95,68339.31666666667,3,564.0,4,3,3,10,Leales
488.0,Carlos Pérez,recurrente,52,M,2024-10-13,6,385107.1,64184.51666666666,6,513.0,5,5,5,15,Campeones
489.0,Carlos González,recurrente,68,F,2024-11-28,6,356397.35,59399.55833333333,6,467.0,5,5,5,15,Campeones
490.0,Andrés González,nuevo,29,F,2024-07-18,3,188487.0,62829.0,3,600.0,4,3,2,9,Potenciales
491.0,Pedro Martínez,nuevo,29,F,2022-07-26,2,112508.6,56254.3,2,1323.0,1,2,1,4,Prometedores
492.0,Valentina López,recurrente,62,F,2025-01-30,5,249334.34999999998,49866.869999999995,5,404.0,5,4,3,12,Leales
493.0,Valentina García,recurrente,48,M,2023-02-08,4,251414.3,62853.575,4,1126.0,1,4,3,8,Potenciales
494.0,Pedro Martínez,recurrente,35,M,2024-03-26,5,272787.15,54557.43000000001,5,714.0,3,4,4,11,Leales
495.0,Andrés Pérez,recurrente,23,F,2023-07-25,7,407065.9,58152.27142857143,7,959.0,2,5,5,12,Leales
496.0,Andrés García,recurrente,61,M,2024-01-11,5,259375.84999999998,51875.17,5,789.0,3,4,3,10,Leales
497.0,Juan Martínez,recurrente,44,M,2024-10-22,5,306459.3,61291.86,5,504.0,5,4,4,13,Campeones
498.0,Juan Sánchez,nuevo,52,F,2024-12-04,7,496300.6,70900.08571428571,7,461.0,5,5,5,15,Campeones
499.0,María Sánchez,recurrente,52,F,2024-10-30,6,344464.95,57410.825000000004,6,496.0,5,5,5,15,Campeones
500.0,Juan Pérez,nuevo,54,F,2024-06-10,5,266795.9,53359.18000000001,5,638.0,4,4,4,12,Leales
